1	1	1638363713.044793	7.433e+04	7.277e+03	6.003e+03	4.537e+04	5.311e+03	5.300e+04	7.782e+03	61.16	99.60	19.03

500000.0	1	1638363714.0513947	7.442e+04	7.277e+03	6.003e+03	4.537e+04	5.311e+03	5.296e+04	7.782e+03	61.16	99.56	18.95

500000.0	1	1638363715.0421946	7.442e+04	7.277e+03	6.003e+03	4.537e+04	5.311e+03	5.300e+04	7.782e+03	61.17	99.60	19.03

#####################################################_CICLO_INICIADO_1_DE_5_#####################################################
############################################################_BOMBA_LIGADA_############################################################
1	500000.0	1638363721.0371082	5.591e+04	7.277e+03	7.010e+03	4.515e+04	3.198e+03	1.842e+04	7.387e+03	61.11	68.99	12.04

500000.0	500000.0	1638363721.9902673	4.913e+04	7.277e+03	1.799e+04	4.350e+04	1.873e+03	6.747e+03	6.650e+03	61.12	68.84	9.55

500000.0	500000.0	1638363723.0364785	4.850e+04	7.390e+03	2.233e+04	4.242e+04	1.299e+03	4.321e+03	6.095e+03	61.15	68.87	8.39

500000.0	500000.0	1638363723.9865377	4.935e+04	1.123e+04	2.400e+04	4.176e+04	1.042e+03	3.490e+03	5.772e+03	61.15	68.99	7.72

500000.0	500000.0	1638363725.047093	5.030e+04	1.478e+04	2.471e+04	4.146e+04	9.135e+02	3.105e+03	5.575e+03	61.15	68.56	7.47

500000.0	500000.0	1638363726.030129	5.136e+04	1.669e+04	2.498e+04	4.139e+04	8.432e+02	2.908e+03	5.450e+03	61.19	68.84	7.20

500000.0	500000.0	1638363727.0354018	5.222e+04	1.803e+04	2.500e+04	4.142e+04	8.035e+02	2.809e+03	5.368e+03	61.16	68.72	7.24

500000.0	500000.0	1638363728.0303996	5.294e+04	1.898e+04	2.487e+04	4.150e+04	7.791e+02	2.766e+03	5.309e+03	61.16	68.80	7.13

500000.0	500000.0	1638363729.0310574	5.365e+04	1.970e+04	2.466e+04	4.172e+04	7.641e+02	2.758e+03	5.268e+03	61.13	68.60	7.11

500000.0	500000.0	1638363730.0303583	5.412e+04	2.025e+04	2.442e+04	4.188e+04	7.556e+02	2.770e+03	5.239e+03	61.12	68.56	7.02

500000.0	500000.0	1638363731.0271952	5.464e+04	2.068e+04	2.415e+04	4.211e+04	7.497e+02	2.792e+03	5.217e+03	61.13	68.64	7.13

500000.0	500000.0	1638363731.98335	5.499e+04	2.106e+04	2.389e+04	4.238e+04	7.458e+02	2.821e+03	5.200e+03	61.11	68.68	7.16

500000.0	500000.0	1638363733.024443	5.531e+04	2.139e+04	2.364e+04	4.261e+04	7.432e+02	2.850e+03	5.185e+03	61.11	68.76	7.22

500000.0	500000.0	1638363734.0399222	5.558e+04	2.166e+04	2.341e+04	4.293e+04	7.419e+02	2.881e+03	5.173e+03	61.11	68.80	6.96

500000.0	500000.0	1638363735.0413895	5.580e+04	2.189e+04	2.317e+04	4.317e+04	7.399e+02	2.913e+03	5.161e+03	61.10	68.72	7.12

500000.0	500000.0	1638363736.0192268	5.599e+04	2.212e+04	2.298e+04	4.350e+04	7.393e+02	2.935e+03	5.152e+03	61.08	68.60	7.03

500000.0	500000.0	1638363737.0253608	5.610e+04	2.232e+04	2.283e+04	4.378e+04	7.373e+02	2.956e+03	5.143e+03	61.07	68.56	6.94

500000.0	500000.0	1638363738.018874	5.618e+04	2.253e+04	2.267e+04	4.407e+04	7.367e+02	2.976e+03	5.135e+03	61.06	68.76	7.01

500000.0	500000.0	1638363739.0194404	5.635e+04	2.269e+04	2.254e+04	4.433e+04	7.360e+02	2.995e+03	5.128e+03	61.03	68.80	7.09

500000.0	500000.0	1638363739.9665034	5.649e+04	2.285e+04	2.241e+04	4.467e+04	7.360e+02	3.011e+03	5.121e+03	61.02	68.72	7.16

##########################################################_BOMBA_DESLIGADA_###########################################################
1	1	1638363743.0168984	6.059e+04	2.371e+04	2.200e+04	4.563e+04	7.517e+02	3.109e+03	5.129e+03	61.16	99.60	9.41

500000.0	1	1638363744.0134997	6.264e+04	2.367e+04	2.193e+04	4.701e+04	7.680e+02	3.175e+03	5.173e+03	61.12	99.64	9.66

500000.0	1	1638363745.0147336	6.386e+04	2.364e+04	2.188e+04	4.808e+04	7.811e+02	3.234e+03	5.208e+03	61.10	99.52	9.68

500000.0	1	1638363745.966452	6.456e+04	2.364e+04	2.178e+04	4.888e+04	7.929e+02	3.294e+03	5.240e+03	61.07	99.60	9.71

500000.0	1	1638363747.0090494	6.477e+04	2.368e+04	2.165e+04	4.955e+04	8.028e+02	3.354e+03	5.264e+03	61.04	99.60	9.80

500000.0	1	1638363748.0127819	6.495e+04	2.375e+04	2.152e+04	4.997e+04	8.114e+02	3.408e+03	5.283e+03	61.06	99.60	9.71

500000.0	1	1638363749.0085192	6.502e+04	2.382e+04	2.139e+04	5.034e+04	8.200e+02	3.460e+03	5.299e+03	61.03	99.56	9.89

500000.0	1	1638363750.0063767	6.509e+04	2.389e+04	2.124e+04	5.067e+04	8.273e+02	3.509e+03	5.314e+03	61.02	99.64	9.67

500000.0	1	1638363751.0060983	6.520e+04	2.395e+04	2.113e+04	5.089e+04	8.339e+02	3.555e+03	5.327e+03	61.01	99.60	9.77

500000.0	1	1638363752.0149732	6.527e+04	2.400e+04	2.101e+04	5.111e+04	8.392e+02	3.599e+03	5.338e+03	61.02	99.56	9.86

500000.0	1	1638363753.005666	6.549e+04	2.404e+04	2.089e+04	5.122e+04	8.472e+02	3.640e+03	5.348e+03	60.99	99.56	9.98

500000.0	1	1638363754.001894	6.567e+04	2.406e+04	2.077e+04	5.138e+04	8.532e+02	3.681e+03	5.357e+03	60.99	99.56	9.81

500000.0	1	1638363755.0039144	6.570e+04	2.409e+04	2.067e+04	5.155e+04	8.592e+02	3.721e+03	5.366e+03	60.99	99.60	9.86

500000.0	1	1638363756.0029001	6.596e+04	2.409e+04	2.057e+04	5.150e+04	8.658e+02	3.757e+03	5.376e+03	60.97	99.56	9.96

500000.0	1	1638363756.9993086	6.607e+04	2.409e+04	2.048e+04	5.166e+04	8.705e+02	3.792e+03	5.384e+03	60.97	99.60	9.97

500000.0	1	1638363758.0108788	6.633e+04	2.409e+04	2.038e+04	5.172e+04	8.765e+02	3.827e+03	5.394e+03	60.97	99.56	9.88

500000.0	1	1638363758.9932783	6.647e+04	2.408e+04	2.030e+04	5.183e+04	8.826e+02	3.859e+03	5.403e+03	60.97	99.60	9.88

500000.0	1	1638363759.9939187	6.666e+04	2.405e+04	2.022e+04	5.183e+04	8.886e+02	3.892e+03	5.412e+03	60.95	99.64	9.99

500000.0	1	1638363760.991888	6.677e+04	2.403e+04	2.015e+04	5.183e+04	8.940e+02	3.923e+03	5.418e+03	60.95	99.56	10.16

500000.0	1	1638363761.9949665	6.700e+04	2.401e+04	2.006e+04	5.189e+04	9.000e+02	3.956e+03	5.427e+03	60.95	99.60	10.22

500000.0	1	1638363762.992352	6.715e+04	2.397e+04	1.998e+04	5.183e+04	9.054e+02	3.989e+03	5.435e+03	60.95	99.60	10.17

500000.0	1	1638363764.0073571	6.741e+04	2.394e+04	1.990e+04	5.195e+04	9.114e+02	4.020e+03	5.443e+03	60.95	99.60	10.14

500000.0	1	1638363764.9869065	6.760e+04	2.390e+04	1.983e+04	5.189e+04	9.182e+02	4.050e+03	5.450e+03	60.94	99.60	10.24

500000.0	1	1638363765.9912765	6.772e+04	2.385e+04	1.975e+04	5.189e+04	9.243e+02	4.082e+03	5.459e+03	60.94	99.60	10.16

500000.0	1	1638363766.9858885	6.787e+04	2.381e+04	1.968e+04	5.195e+04	9.297e+02	4.113e+03	5.466e+03	60.94	99.60	10.24

500000.0	1	1638363767.9850225	6.810e+04	2.375e+04	1.961e+04	5.189e+04	9.358e+02	4.144e+03	5.474e+03	60.94	99.52	10.16

500000.0	1	1638363768.996429	6.830e+04	2.370e+04	1.953e+04	5.189e+04	9.419e+02	4.177e+03	5.481e+03	60.94	99.56	10.37

500000.0	1	1638363769.9851894	6.849e+04	2.365e+04	1.946e+04	5.183e+04	9.486e+02	4.207e+03	5.489e+03	60.94	99.60	10.28

500000.0	1	1638363770.9860258	6.865e+04	2.359e+04	1.938e+04	5.183e+04	9.534e+02	4.240e+03	5.496e+03	60.94	99.48	10.30

500000.0	1	1638363771.9823153	6.881e+04	2.352e+04	1.930e+04	5.178e+04	9.602e+02	4.272e+03	5.503e+03	60.93	99.64	10.45

500000.0	1	1638363772.9869633	6.896e+04	2.347e+04	1.923e+04	5.178e+04	9.656e+02	4.302e+03	5.510e+03	60.94	99.60	10.15

500000.0	1	1638363773.9957683	6.912e+04	2.340e+04	1.917e+04	5.178e+04	9.724e+02	4.332e+03	5.519e+03	60.93	99.52	10.23

500000.0	1	1638363774.9773896	6.936e+04	2.334e+04	1.909e+04	5.172e+04	9.786e+02	4.365e+03	5.526e+03	60.93	99.60	10.25

500000.0	1	1638363775.9816709	6.956e+04	2.328e+04	1.902e+04	5.172e+04	9.854e+02	4.396e+03	5.533e+03	60.94	99.60	10.44

500000.0	1	1638363776.9809425	6.964e+04	2.320e+04	1.898e+04	5.166e+04	9.909e+02	4.422e+03	5.541e+03	60.93	99.60	10.38

500000.0	1	1638363777.9783874	6.980e+04	2.312e+04	1.892e+04	5.161e+04	9.971e+02	4.451e+03	5.548e+03	60.93	99.56	10.58

500000.0	1	1638363778.9780202	6.996e+04	2.307e+04	1.885e+04	5.161e+04	1.004e+03	4.482e+03	5.556e+03	60.93	99.56	10.46

500000.0	1	1638363779.9779983	7.009e+04	2.300e+04	1.879e+04	5.161e+04	1.011e+03	4.513e+03	5.562e+03	60.93	99.52	10.58

500000.0	1	1638363780.976488	7.021e+04	2.291e+04	1.872e+04	5.150e+04	1.016e+03	4.547e+03	5.571e+03	60.93	99.52	10.58

500000.0	1	1638363781.9763448	7.045e+04	2.284e+04	1.865e+04	5.150e+04	1.024e+03	4.580e+03	5.578e+03	60.92	99.52	10.37

500000.0	1	1638363782.9703574	7.066e+04	2.275e+04	1.858e+04	5.144e+04	1.030e+03	4.613e+03	5.586e+03	60.92	99.48	10.58

500000.0	1	1638363783.9734216	7.083e+04	2.267e+04	1.851e+04	5.144e+04	1.037e+03	4.648e+03	5.592e+03	60.93	99.64	10.54

500000.0	1	1638363784.968633	7.099e+04	2.260e+04	1.844e+04	5.138e+04	1.044e+03	4.681e+03	5.602e+03	60.92	99.56	10.52

500000.0	1	1638363785.9857998	7.107e+04	2.253e+04	1.837e+04	5.138e+04	1.049e+03	4.715e+03	5.610e+03	60.92	99.52	10.60

500000.0	1	1638363786.9650793	7.124e+04	2.244e+04	1.829e+04	5.133e+04	1.057e+03	4.753e+03	5.617e+03	60.93	99.56	10.55

500000.0	1	1638363787.969279	7.145e+04	2.237e+04	1.821e+04	5.127e+04	1.064e+03	4.792e+03	5.624e+03	60.93	99.56	10.76

500000.0	1	1638363788.9613705	7.154e+04	2.228e+04	1.813e+04	5.127e+04	1.070e+03	4.826e+03	5.633e+03	60.92	99.56	10.69

500000.0	1	1638363789.964886	7.175e+04	2.220e+04	1.806e+04	5.122e+04	1.078e+03	4.865e+03	5.640e+03	60.93	99.56	10.77

500000.0	1	1638363790.9644852	7.188e+04	2.212e+04	1.799e+04	5.116e+04	1.084e+03	4.900e+03	5.650e+03	60.93	99.56	10.61

500000.0	1	1638363791.9646444	7.205e+04	2.203e+04	1.792e+04	5.116e+04	1.091e+03	4.936e+03	5.657e+03	60.93	99.68	10.76

500000.0	1	1638363792.9642708	7.222e+04	2.194e+04	1.785e+04	5.105e+04	1.099e+03	4.973e+03	5.666e+03	60.92	99.56	10.78

500000.0	1	1638363793.961453	7.239e+04	2.186e+04	1.778e+04	5.105e+04	1.106e+03	5.011e+03	5.673e+03	60.92	99.64	10.82

500000.0	1	1638363794.9634922	7.243e+04	2.176e+04	1.769e+04	5.105e+04	1.113e+03	5.052e+03	5.682e+03	60.92	99.56	10.72

500000.0	1	1638363795.9104722	7.256e+04	2.169e+04	1.763e+04	5.094e+04	1.119e+03	5.089e+03	5.690e+03	60.93	99.64	10.89

500000.0	1	1638363796.958146	7.278e+04	2.159e+04	1.756e+04	5.089e+04	1.127e+03	5.127e+03	5.697e+03	60.92	99.56	10.94

500000.0	1	1638363797.9580045	7.295e+04	2.151e+04	1.747e+04	5.089e+04	1.135e+03	5.172e+03	5.707e+03	60.93	99.52	10.87

500000.0	1	1638363798.9569888	7.308e+04	2.142e+04	1.743e+04	5.083e+04	1.142e+03	5.200e+03	5.715e+03	60.92	99.60	10.90

500000.0	1	1638363799.9565244	7.322e+04	2.132e+04	1.739e+04	5.083e+04	1.149e+03	5.228e+03	5.723e+03	60.93	99.56	10.80

500000.0	1	1638363800.9589314	7.335e+04	2.124e+04	1.734e+04	5.078e+04	1.156e+03	5.260e+03	5.732e+03	60.93	99.52	11.03

500000.0	1	1638363801.9535594	7.352e+04	2.115e+04	1.731e+04	5.072e+04	1.164e+03	5.290e+03	5.741e+03	60.92	99.56	10.83

############################################################_BOMBA_LIGADA_############################################################
1	500000.0	1638363806.9526138	7.776e+04	1.969e+04	1.717e+04	5.105e+04	1.238e+03	5.543e+03	5.853e+03	60.47	56.19	7.39

500000.0	500000.0	1638363807.950394	8.388e+04	1.829e+04	1.708e+04	4.798e+04	1.290e+03	5.748e+03	5.945e+03	60.20	55.52	6.08

500000.0	500000.0	1638363808.9625766	9.055e+04	1.698e+04	1.669e+04	4.609e+04	1.355e+03	6.137e+03	6.066e+03	59.99	55.48	5.28

500000.0	500000.0	1638363809.9501934	9.618e+04	1.585e+04	1.604e+04	4.532e+04	1.421e+03	6.674e+03	6.191e+03	59.78	55.56	5.04

500000.0	500000.0	1638363810.8996017	1.005e+05	1.487e+04	1.526e+04	4.493e+04	1.487e+03	7.307e+03	6.305e+03	59.60	55.56	4.86

500000.0	500000.0	1638363811.9447799	1.039e+05	1.311e+04	1.441e+04	4.489e+04	1.550e+03	8.012e+03	6.407e+03	59.47	55.41	4.72

500000.0	500000.0	1638363812.940125	1.062e+05	1.241e+04	1.360e+04	4.489e+04	1.610e+03	8.741e+03	6.497e+03	59.32	55.33	4.56

500000.0	500000.0	1638363813.9831462	1.082e+05	1.181e+04	1.287e+04	4.515e+04	1.662e+03	9.469e+03	6.573e+03	59.20	55.56	4.56

500000.0	500000.0	1638363814.9529848	1.096e+05	1.129e+04	1.223e+04	4.537e+04	1.711e+03	1.016e+04	6.638e+03	59.09	55.52	4.58

500000.0	500000.0	1638363815.9412863	1.102e+05	1.083e+04	1.168e+04	4.568e+04	1.755e+03	1.078e+04	6.692e+03	58.97	55.52	4.49

500000.0	500000.0	1638363816.9367955	1.111e+05	1.043e+04	1.128e+04	4.604e+04	1.795e+03	1.130e+04	6.737e+03	58.88	55.33	4.29

500000.0	500000.0	1638363817.8956127	1.118e+05	1.007e+04	1.100e+04	4.636e+04	1.828e+03	1.170e+04	6.777e+03	58.80	55.37	4.33

500000.0	500000.0	1638363818.8964627	1.121e+05	9.771e+03	1.081e+04	4.678e+04	1.860e+03	1.200e+04	6.812e+03	58.71	55.29	4.49

500000.0	500000.0	1638363819.9374843	1.125e+05	9.513e+03	1.069e+04	4.716e+04	1.886e+03	1.222e+04	6.844e+03	58.62	55.44	4.39

500000.0	500000.0	1638363820.9359298	1.127e+05	9.272e+03	1.063e+04	4.749e+04	1.911e+03	1.236e+04	6.866e+03	58.57	55.25	4.24

500000.0	500000.0	1638363821.9464822	1.129e+05	9.060e+03	1.062e+04	4.788e+04	1.931e+03	1.243e+04	6.888e+03	58.49	55.29	4.34

500000.0	500000.0	1638363822.9354537	1.131e+05	8.871e+03	1.063e+04	4.827e+04	1.951e+03	1.247e+04	6.910e+03	58.42	55.29	4.30

500000.0	500000.0	1638363823.9332764	1.133e+05	8.704e+03	1.064e+04	4.878e+04	1.969e+03	1.250e+04	6.927e+03	58.38	55.25	4.25

500000.0	500000.0	1638363824.9323378	1.134e+05	8.546e+03	1.067e+04	4.913e+04	1.987e+03	1.252e+04	6.946e+03	58.32	55.33	4.30

500000.0	500000.0	1638363825.9326062	1.138e+05	8.337e+03	1.068e+04	4.950e+04	2.004e+03	1.253e+04	6.959e+03	58.25	55.37	4.31

500000.0	500000.0	1638363826.929874	1.139e+05	8.193e+03	1.069e+04	4.992e+04	2.019e+03	1.255e+04	6.975e+03	58.20	55.29	4.23

500000.0	500000.0	1638363827.9281683	1.141e+05	8.086e+03	1.069e+04	5.029e+04	2.036e+03	1.257e+04	6.990e+03	58.14	55.21	4.37

500000.0	500000.0	1638363828.947814	1.144e+05	7.965e+03	1.069e+04	5.072e+04	2.052e+03	1.260e+04	7.006e+03	58.10	55.21	4.24

500000.0	500000.0	1638363829.9249005	1.145e+05	7.879e+03	1.067e+04	5.105e+04	2.066e+03	1.264e+04	7.018e+03	58.07	55.21	4.35

500000.0	500000.0	1638363830.9245963	1.147e+05	7.801e+03	1.065e+04	5.150e+04	2.081e+03	1.268e+04	7.030e+03	58.02	55.33	4.23

500000.0	500000.0	1638363831.9233265	1.149e+05	7.737e+03	1.062e+04	5.189e+04	2.094e+03	1.273e+04	7.044e+03	57.98	55.17	4.32

500000.0	500000.0	1638363832.9204073	1.150e+05	7.687e+03	1.060e+04	5.229e+04	2.106e+03	1.277e+04	7.054e+03	57.95	55.29	4.20

500000.0	500000.0	1638363833.9216204	1.151e+05	7.652e+03	1.056e+04	5.258e+04	2.119e+03	1.283e+04	7.065e+03	57.95	55.21	4.34

500000.0	500000.0	1638363834.9198048	1.152e+05	7.567e+03	1.053e+04	5.299e+04	2.129e+03	1.288e+04	7.073e+03	57.91	55.33	4.35

500000.0	500000.0	1638363835.9174428	1.153e+05	7.460e+03	1.052e+04	5.335e+04	2.139e+03	1.289e+04	7.082e+03	57.88	55.13	4.29

500000.0	500000.0	1638363836.9206238	1.154e+05	7.439e+03	1.052e+04	5.371e+04	2.148e+03	1.291e+04	7.089e+03	57.86	55.13	4.30

500000.0	500000.0	1638363837.918779	1.155e+05	7.418e+03	1.050e+04	5.420e+04	2.157e+03	1.292e+04	7.098e+03	57.84	55.33	4.27

500000.0	500000.0	1638363838.9132962	1.153e+05	7.418e+03	1.050e+04	5.451e+04	2.165e+03	1.293e+04	7.105e+03	57.80	55.21	4.23

500000.0	500000.0	1638363839.9175422	1.157e+05	7.397e+03	1.051e+04	5.477e+04	2.173e+03	1.293e+04	7.111e+03	57.79	55.13	4.11

500000.0	500000.0	1638363840.9220736	1.158e+05	7.390e+03	1.051e+04	5.515e+04	2.180e+03	1.295e+04	7.117e+03	57.79	55.13	4.24

500000.0	500000.0	1638363841.924717	1.158e+05	7.390e+03	1.050e+04	5.553e+04	2.187e+03	1.295e+04	7.124e+03	57.79	55.21	4.28

500000.0	500000.0	1638363842.9303474	1.159e+05	7.390e+03	1.050e+04	5.586e+04	2.193e+03	1.296e+04	7.129e+03	57.78	55.17	4.29

500000.0	500000.0	1638363843.9131145	1.160e+05	7.383e+03	1.048e+04	5.612e+04	2.202e+03	1.298e+04	7.134e+03	57.77	55.25	4.19

500000.0	500000.0	1638363844.9236717	1.162e+05	7.362e+03	1.048e+04	5.645e+04	2.209e+03	1.299e+04	7.139e+03	57.72	55.25	4.22

500000.0	500000.0	1638363845.9228265	1.161e+05	7.362e+03	1.048e+04	5.699e+04	2.215e+03	1.298e+04	7.145e+03	57.71	55.25	4.28

500000.0	500000.0	1638363846.8690295	1.164e+05	7.362e+03	1.047e+04	5.719e+04	2.221e+03	1.299e+04	7.150e+03	57.70	55.13	4.34

500000.0	500000.0	1638363847.9083188	1.164e+05	7.347e+03	1.048e+04	5.740e+04	2.228e+03	1.300e+04	7.153e+03	57.67	55.21	4.24

500000.0	500000.0	1638363848.9073064	1.164e+05	7.333e+03	1.048e+04	5.775e+04	2.234e+03	1.299e+04	7.159e+03	57.66	55.33	4.21

500000.0	500000.0	1638363849.9089584	1.169e+05	7.333e+03	1.046e+04	5.810e+04	2.242e+03	1.303e+04	7.164e+03	57.65	55.13	4.34

500000.0	500000.0	1638363850.9081676	1.169e+05	7.333e+03	1.041e+04	5.838e+04	2.250e+03	1.308e+04	7.169e+03	57.65	55.29	4.24

500000.0	500000.0	1638363851.8559391	1.171e+05	7.326e+03	1.038e+04	5.852e+04	2.255e+03	1.313e+04	7.175e+03	57.63	55.09	4.27

500000.0	500000.0	1638363852.9032903	1.169e+05	7.319e+03	1.035e+04	5.895e+04	2.261e+03	1.316e+04	7.180e+03	57.60	55.25	4.24

500000.0	500000.0	1638363853.9041455	1.170e+05	7.305e+03	1.033e+04	5.917e+04	2.268e+03	1.318e+04	7.185e+03	57.60	55.05	4.23

500000.0	500000.0	1638363854.8589077	1.171e+05	7.305e+03	1.030e+04	5.954e+04	2.275e+03	1.322e+04	7.190e+03	57.59	55.21	4.22

500000.0	500000.0	1638363855.8887348	1.173e+05	7.305e+03	1.026e+04	5.969e+04	2.282e+03	1.327e+04	7.192e+03	57.59	55.17	4.20

500000.0	500000.0	1638363856.9002872	1.175e+05	7.305e+03	1.021e+04	5.998e+04	2.289e+03	1.332e+04	7.199e+03	57.58	55.21	4.08

500000.0	500000.0	1638363857.9019072	1.174e+05	7.305e+03	1.019e+04	6.029e+04	2.296e+03	1.336e+04	7.203e+03	57.55	55.13	4.05

500000.0	500000.0	1638363858.8969994	1.176e+05	7.305e+03	1.018e+04	6.044e+04	2.302e+03	1.339e+04	7.205e+03	57.55	55.05	4.30

500000.0	500000.0	1638363859.897908	1.176e+05	7.305e+03	1.015e+04	6.082e+04	2.309e+03	1.341e+04	7.210e+03	57.52	55.21	4.21

500000.0	500000.0	1638363860.8959212	1.177e+05	7.305e+03	1.014e+04	6.090e+04	2.314e+03	1.344e+04	7.213e+03	57.50	55.13	4.14

500000.0	500000.0	1638363861.894083	1.177e+05	7.305e+03	1.010e+04	6.136e+04	2.320e+03	1.348e+04	7.217e+03	57.50	55.17	4.26

500000.0	500000.0	1638363862.8948588	1.176e+05	7.305e+03	1.007e+04	6.144e+04	2.324e+03	1.351e+04	7.219e+03	57.51	55.09	4.27

500000.0	500000.0	1638363863.8447075	1.178e+05	7.305e+03	1.004e+04	6.160e+04	2.329e+03	1.355e+04	7.222e+03	57.51	55.21	4.30

500000.0	500000.0	1638363864.9014816	1.179e+05	7.305e+03	1.004e+04	6.191e+04	2.334e+03	1.356e+04	7.226e+03	57.49	55.21	4.18

500000.0	500000.0	1638363865.8497648	1.178e+05	7.305e+03	1.004e+04	6.223e+04	2.338e+03	1.355e+04	7.228e+03	57.48	55.21	4.17

##########################################################_BOMBA_DESLIGADA_###########################################################
#####################################################_CICLO_FINALIZADO_1_DE_5_#####################################################
1	1	1638363929.8259733	1.102e+05	7.305e+03	6.072e+03	7.148e+04	3.300e+03	2.240e+04	7.637e+03	60.37	99.64	7.39

500000.0	1	1638363930.8251204	1.105e+05	7.305e+03	6.072e+03	7.148e+04	3.314e+03	2.251e+04	7.640e+03	60.36	99.56	7.46

500000.0	1	1638363931.8240385	1.103e+05	7.305e+03	6.072e+03	7.128e+04	3.325e+03	2.264e+04	7.644e+03	60.38	99.68	7.37

#####################################################_CICLO_INICIADO_2_DE_5_#####################################################
############################################################_BOMBA_LIGADA_############################################################
1	500000.0	1638363937.8195577	6.711e+04	7.305e+03	1.394e+04	7.025e+04	1.962e+03	1.014e+04	7.058e+03	60.38	68.91	6.57

500000.0	500000.0	1638363938.8210998	5.427e+04	7.865e+03	2.218e+04	6.762e+04	1.174e+03	4.603e+03	6.266e+03	60.46	68.99	6.61

500000.0	500000.0	1638363939.816625	5.119e+04	1.506e+04	2.533e+04	6.588e+04	8.592e+02	3.213e+03	5.771e+03	60.52	69.30	6.79

500000.0	500000.0	1638363940.774789	5.077e+04	1.846e+04	2.634e+04	6.465e+04	7.276e+02	2.719e+03	5.502e+03	60.55	69.19	6.82

500000.0	500000.0	1638363941.8139873	5.100e+04	2.054e+04	2.662e+04	6.388e+04	6.676e+02	2.510e+03	5.351e+03	60.61	69.11	6.99

500000.0	500000.0	1638363942.8135712	5.171e+04	2.179e+04	2.660e+04	6.338e+04	6.394e+02	2.419e+03	5.263e+03	60.61	69.23	6.86

500000.0	500000.0	1638363943.811597	5.235e+04	2.260e+04	2.645e+04	6.313e+04	6.254e+02	2.391e+03	5.215e+03	60.65	68.99	6.98

500000.0	500000.0	1638363944.807895	5.297e+04	2.322e+04	2.622e+04	6.296e+04	6.210e+02	2.397e+03	5.184e+03	60.66	69.30	6.87

500000.0	500000.0	1638363945.81043	5.360e+04	2.361e+04	2.596e+04	6.288e+04	6.216e+02	2.423e+03	5.167e+03	60.67	69.11	6.98

500000.0	500000.0	1638363946.8063147	5.412e+04	2.393e+04	2.564e+04	6.280e+04	6.241e+02	2.465e+03	5.159e+03	60.69	69.11	7.26

500000.0	500000.0	1638363947.8074677	5.459e+04	2.414e+04	2.534e+04	6.280e+04	6.286e+02	2.511e+03	5.152e+03	60.70	69.15	6.88

500000.0	500000.0	1638363948.8092434	5.507e+04	2.430e+04	2.506e+04	6.272e+04	6.324e+02	2.555e+03	5.149e+03	60.71	69.15	7.07

500000.0	500000.0	1638363949.8096135	5.542e+04	2.450e+04	2.478e+04	6.280e+04	6.375e+02	2.601e+03	5.148e+03	60.70	69.15	7.08

500000.0	500000.0	1638363950.8075907	5.572e+04	2.460e+04	2.454e+04	6.288e+04	6.426e+02	2.642e+03	5.147e+03	60.71	69.15	7.08

500000.0	500000.0	1638363951.804255	5.591e+04	2.470e+04	2.430e+04	6.280e+04	6.471e+02	2.682e+03	5.144e+03	60.69	69.26	7.18

500000.0	500000.0	1638363952.7995305	5.618e+04	2.476e+04	2.410e+04	6.280e+04	6.516e+02	2.719e+03	5.144e+03	60.69	69.23	7.26

500000.0	500000.0	1638363953.81841	5.638e+04	2.482e+04	2.388e+04	6.288e+04	6.567e+02	2.756e+03	5.143e+03	60.67	69.11	7.16

500000.0	500000.0	1638363954.8166947	5.652e+04	2.492e+04	2.372e+04	6.280e+04	6.592e+02	2.782e+03	5.140e+03	60.66	69.15	7.13

500000.0	500000.0	1638363955.8085952	5.660e+04	2.499e+04	2.358e+04	6.304e+04	6.624e+02	2.805e+03	5.136e+03	60.66	69.42	7.32

500000.0	500000.0	1638363956.8047907	5.663e+04	2.510e+04	2.346e+04	6.304e+04	6.650e+02	2.823e+03	5.132e+03	60.64	69.23	7.16

##########################################################_BOMBA_DESLIGADA_###########################################################
1	1	1638363958.7544007	5.920e+04	2.579e+04	2.311e+04	6.223e+04	6.759e+02	2.871e+03	5.119e+03	60.80	99.52	9.15

500000.0	1	1638363959.7997577	6.204e+04	2.561e+04	2.312e+04	6.413e+04	6.926e+02	2.927e+03	5.167e+03	60.75	99.64	9.38

500000.0	1	1638363960.7530115	6.410e+04	2.541e+04	2.311e+04	6.561e+04	7.062e+02	2.982e+03	5.209e+03	60.71	99.48	9.55

500000.0	1	1638363961.7947364	6.534e+04	2.527e+04	2.310e+04	6.660e+04	7.185e+02	3.028e+03	5.245e+03	60.69	99.52	9.57

500000.0	1	1638363962.7527618	6.603e+04	2.516e+04	2.304e+04	6.734e+04	7.295e+02	3.074e+03	5.275e+03	60.66	99.56	9.59

500000.0	1	1638363963.794338	6.636e+04	2.511e+04	2.299e+04	6.771e+04	7.386e+02	3.117e+03	5.301e+03	60.64	99.44	9.57

500000.0	1	1638363964.7899055	6.662e+04	2.508e+04	2.290e+04	6.781e+04	7.464e+02	3.159e+03	5.320e+03	60.64	99.60	9.53

500000.0	1	1638363965.7464652	6.692e+04	2.507e+04	2.281e+04	6.819e+04	7.556e+02	3.200e+03	5.339e+03	60.61	99.60	9.46

500000.0	1	1638363966.7993288	6.707e+04	2.507e+04	2.274e+04	6.819e+04	7.615e+02	3.237e+03	5.355e+03	60.61	99.64	9.41

500000.0	1	1638363967.790611	6.737e+04	2.506e+04	2.266e+04	6.809e+04	7.687e+02	3.271e+03	5.369e+03	60.60	99.52	9.52

500000.0	1	1638363968.7897906	6.768e+04	2.503e+04	2.258e+04	6.819e+04	7.746e+02	3.304e+03	5.383e+03	60.57	99.56	9.39

500000.0	1	1638363969.7904015	6.791e+04	2.501e+04	2.253e+04	6.809e+04	7.805e+02	3.335e+03	5.396e+03	60.57	99.60	9.44

500000.0	1	1638363970.7865763	6.818e+04	2.497e+04	2.247e+04	6.781e+04	7.857e+02	3.363e+03	5.410e+03	60.56	99.52	9.55

500000.0	1	1638363971.7865634	6.845e+04	2.492e+04	2.241e+04	6.771e+04	7.916e+02	3.390e+03	5.421e+03	60.55	99.56	9.44

500000.0	1	1638363972.7808194	6.877e+04	2.488e+04	2.236e+04	6.762e+04	7.982e+02	3.418e+03	5.434e+03	60.54	99.60	9.51

500000.0	1	1638363973.7418559	6.904e+04	2.482e+04	2.231e+04	6.734e+04	8.028e+02	3.445e+03	5.446e+03	60.54	99.48	9.38

500000.0	1	1638363974.803221	6.932e+04	2.477e+04	2.227e+04	6.715e+04	8.081e+02	3.470e+03	5.459e+03	60.54	99.64	9.33

500000.0	1	1638363975.7805066	6.964e+04	2.471e+04	2.223e+04	6.697e+04	8.134e+02	3.491e+03	5.468e+03	60.52	99.48	9.29

500000.0	1	1638363976.7962787	6.992e+04	2.465e+04	2.220e+04	6.678e+04	8.187e+02	3.513e+03	5.479e+03	60.52	99.56	9.31

500000.0	1	1638363977.73277	7.025e+04	2.458e+04	2.216e+04	6.660e+04	8.246e+02	3.538e+03	5.491e+03	60.51	99.60	9.32

500000.0	1	1638363978.73261	7.050e+04	2.450e+04	2.213e+04	6.633e+04	8.299e+02	3.557e+03	5.503e+03	60.52	99.56	9.30

500000.0	1	1638363979.786177	7.074e+04	2.443e+04	2.210e+04	6.605e+04	8.352e+02	3.580e+03	5.513e+03	60.51	99.56	9.22

500000.0	1	1638363980.7824109	7.107e+04	2.435e+04	2.205e+04	6.579e+04	8.412e+02	3.603e+03	5.524e+03	60.51	99.56	9.37

500000.0	1	1638363981.7773485	7.137e+04	2.428e+04	2.202e+04	6.561e+04	8.459e+02	3.626e+03	5.534e+03	60.51	99.52	9.39

500000.0	1	1638363982.7935047	7.162e+04	2.418e+04	2.200e+04	6.534e+04	8.512e+02	3.647e+03	5.545e+03	60.50	99.56	9.44

500000.0	1	1638363983.774343	7.183e+04	2.411e+04	2.195e+04	6.517e+04	8.565e+02	3.671e+03	5.554e+03	60.50	99.56	9.29

500000.0	1	1638363984.7741694	7.209e+04	2.402e+04	2.192e+04	6.508e+04	8.625e+02	3.694e+03	5.565e+03	60.50	99.56	9.37

500000.0	1	1638363985.774248	7.243e+04	2.393e+04	2.187e+04	6.482e+04	8.678e+02	3.718e+03	5.575e+03	60.49	99.48	9.19

500000.0	1	1638363986.794777	7.273e+04	2.384e+04	2.182e+04	6.456e+04	8.739e+02	3.741e+03	5.583e+03	60.50	99.52	9.33

500000.0	1	1638363987.769916	7.300e+04	2.375e+04	2.178e+04	6.430e+04	8.792e+02	3.764e+03	5.595e+03	60.49	99.52	9.44

500000.0	1	1638363988.7691762	7.322e+04	2.366e+04	2.173e+04	6.413e+04	8.846e+02	3.789e+03	5.605e+03	60.50	99.52	9.35

500000.0	1	1638363989.7710977	7.348e+04	2.356e+04	2.168e+04	6.396e+04	8.899e+02	3.816e+03	5.613e+03	60.50	99.56	9.36

500000.0	1	1638363990.7616968	7.370e+04	2.348e+04	2.163e+04	6.371e+04	8.960e+02	3.839e+03	5.623e+03	60.49	99.52	9.29

500000.0	1	1638363991.7236252	7.401e+04	2.338e+04	2.158e+04	6.363e+04	9.020e+02	3.866e+03	5.633e+03	60.49	99.64	9.35

500000.0	1	1638363992.764809	7.419e+04	2.328e+04	2.152e+04	6.321e+04	9.067e+02	3.893e+03	5.643e+03	60.49	99.52	9.37

500000.0	1	1638363993.7608066	7.446e+04	2.319e+04	2.147e+04	6.313e+04	9.135e+02	3.919e+03	5.651e+03	60.47	99.48	9.27

500000.0	1	1638363994.762809	7.465e+04	2.309e+04	2.140e+04	6.296e+04	9.189e+02	3.950e+03	5.661e+03	60.49	99.68	9.25

500000.0	1	1638363995.7598486	7.501e+04	2.300e+04	2.135e+04	6.280e+04	9.249e+02	3.975e+03	5.670e+03	60.49	99.56	9.25

500000.0	1	1638363996.7611701	7.515e+04	2.289e+04	2.128e+04	6.264e+04	9.310e+02	4.007e+03	5.680e+03	60.50	99.56	9.17

500000.0	1	1638363997.7625625	7.533e+04	2.279e+04	2.122e+04	6.231e+04	9.371e+02	4.034e+03	5.687e+03	60.49	99.48	9.30

500000.0	1	1638363998.7611008	7.557e+04	2.270e+04	2.114e+04	6.207e+04	9.425e+02	4.069e+03	5.699e+03	60.50	99.60	9.29

500000.0	1	1638363999.7563264	7.585e+04	2.259e+04	2.109e+04	6.199e+04	9.493e+02	4.091e+03	5.707e+03	60.49	99.56	9.36

500000.0	1	1638364000.7557123	7.608e+04	2.250e+04	2.104e+04	6.175e+04	9.547e+02	4.118e+03	5.716e+03	60.49	99.60	9.34

500000.0	1	1638364001.7571754	7.636e+04	2.240e+04	2.096e+04	6.168e+04	9.609e+02	4.152e+03	5.728e+03	60.50	99.56	9.39

500000.0	1	1638364002.7576642	7.655e+04	2.230e+04	2.091e+04	6.136e+04	9.670e+02	4.181e+03	5.735e+03	60.50	99.52	9.39

500000.0	1	1638364003.7513132	7.674e+04	2.220e+04	2.085e+04	6.121e+04	9.731e+02	4.211e+03	5.743e+03	60.49	99.44	9.27

500000.0	1	1638364004.7671244	7.703e+04	2.209e+04	2.077e+04	6.113e+04	9.800e+02	4.242e+03	5.754e+03	60.47	99.56	9.29

500000.0	1	1638364005.7498837	7.722e+04	2.199e+04	2.071e+04	6.090e+04	9.854e+02	4.275e+03	5.762e+03	60.49	99.60	9.22

500000.0	1	1638364006.748412	7.747e+04	2.189e+04	2.064e+04	6.067e+04	9.929e+02	4.305e+03	5.772e+03	60.49	99.52	9.15

500000.0	1	1638364007.7619932	7.761e+04	2.179e+04	2.056e+04	6.067e+04	9.984e+02	4.342e+03	5.783e+03	60.50	99.60	9.22

500000.0	1	1638364008.7494419	7.786e+04	2.169e+04	2.049e+04	6.036e+04	1.006e+03	4.374e+03	5.790e+03	60.49	99.52	9.36

500000.0	1	1638364009.6991773	7.800e+04	2.158e+04	2.042e+04	6.044e+04	1.011e+03	4.407e+03	5.800e+03	60.50	99.72	9.26

500000.0	1	1638364010.744652	7.825e+04	2.148e+04	2.036e+04	6.013e+04	1.018e+03	4.439e+03	5.807e+03	60.51	99.48	9.43

500000.0	1	1638364011.7421772	7.845e+04	2.138e+04	2.029e+04	5.998e+04	1.025e+03	4.472e+03	5.818e+03	60.50	99.48	9.41

500000.0	1	1638364012.693911	7.865e+04	2.128e+04	2.022e+04	5.976e+04	1.031e+03	4.507e+03	5.826e+03	60.50	99.48	9.28

500000.0	1	1638364013.7427552	7.880e+04	2.118e+04	2.013e+04	5.976e+04	1.038e+03	4.546e+03	5.837e+03	60.50	99.60	9.32

500000.0	1	1638364014.7438903	7.915e+04	2.107e+04	2.007e+04	5.961e+04	1.045e+03	4.578e+03	5.845e+03	60.49	99.52	9.33

500000.0	1	1638364015.7425833	7.935e+04	2.097e+04	2.001e+04	5.946e+04	1.051e+03	4.613e+03	5.854e+03	60.50	99.60	9.39

500000.0	1	1638364016.741968	7.940e+04	2.086e+04	1.995e+04	5.924e+04	1.058e+03	4.645e+03	5.863e+03	60.51	99.56	9.42

500000.0	1	1638364017.739439	7.961e+04	2.076e+04	1.986e+04	5.924e+04	1.065e+03	4.682e+03	5.872e+03	60.51	99.44	9.44

############################################################_BOMBA_LIGADA_############################################################
1	500000.0	1638364023.7396798	8.327e+04	1.936e+04	1.957e+04	5.910e+04	1.132e+03	4.953e+03	5.985e+03	60.07	55.80	6.83

500000.0	500000.0	1638364024.7339015	8.804e+04	1.817e+04	1.952e+04	5.540e+04	1.167e+03	5.084e+03	6.054e+03	59.84	55.25	5.64

500000.0	500000.0	1638364025.7311506	9.366e+04	1.700e+04	1.917e+04	5.294e+04	1.215e+03	5.364e+03	6.155e+03	59.64	55.17	5.08

500000.0	500000.0	1638364026.688462	9.846e+04	1.599e+04	1.857e+04	5.166e+04	1.265e+03	5.759e+03	6.257e+03	59.47	55.13	4.82

500000.0	500000.0	1638364027.7402308	1.022e+05	1.515e+04	1.781e+04	5.111e+04	1.317e+03	6.230e+03	6.350e+03	59.30	55.01	4.73

500000.0	500000.0	1638364028.728947	1.050e+05	1.443e+04	1.703e+04	5.089e+04	1.364e+03	6.735e+03	6.434e+03	59.14	55.05	4.44

500000.0	500000.0	1638364029.7306108	1.068e+05	1.247e+04	1.627e+04	5.078e+04	1.406e+03	7.253e+03	6.510e+03	59.03	55.05	4.49

500000.0	500000.0	1638364030.7268214	1.083e+05	1.194e+04	1.559e+04	5.094e+04	1.448e+03	7.756e+03	6.573e+03	58.91	55.13	4.45

500000.0	500000.0	1638364031.7249115	1.093e+05	1.149e+04	1.501e+04	5.116e+04	1.484e+03	8.213e+03	6.625e+03	58.80	55.13	4.27

500000.0	500000.0	1638364032.7272503	1.100e+05	1.111e+04	1.457e+04	5.116e+04	1.516e+03	8.600e+03	6.669e+03	58.73	55.17	4.40

500000.0	500000.0	1638364033.725435	1.105e+05	1.076e+04	1.421e+04	5.155e+04	1.544e+03	8.935e+03	6.709e+03	58.64	55.13	4.41

500000.0	500000.0	1638364034.7178063	1.113e+05	1.046e+04	1.393e+04	5.183e+04	1.571e+03	9.214e+03	6.744e+03	58.53	55.21	4.43

500000.0	500000.0	1638364035.715872	1.116e+05	1.018e+04	1.373e+04	5.212e+04	1.594e+03	9.445e+03	6.775e+03	58.43	55.05	4.42

500000.0	500000.0	1638364036.7196841	1.119e+05	9.948e+03	1.361e+04	5.247e+04	1.614e+03	9.613e+03	6.799e+03	58.39	55.09	4.41

500000.0	500000.0	1638364037.7347908	1.119e+05	9.726e+03	1.354e+04	5.282e+04	1.633e+03	9.734e+03	6.822e+03	58.30	55.21	4.24

500000.0	500000.0	1638364038.6729887	1.123e+05	9.535e+03	1.350e+04	5.311e+04	1.651e+03	9.810e+03	6.842e+03	58.25	54.98	4.19

500000.0	500000.0	1638364039.7302444	1.128e+05	9.367e+03	1.350e+04	5.341e+04	1.666e+03	9.883e+03	6.861e+03	58.21	54.98	4.43

500000.0	500000.0	1638364040.7210882	1.127e+05	9.206e+03	1.348e+04	5.371e+04	1.680e+03	9.942e+03	6.878e+03	58.15	55.17	4.30

500000.0	500000.0	1638364041.6698408	1.132e+05	9.053e+03	1.349e+04	5.420e+04	1.694e+03	9.989e+03	6.895e+03	58.10	55.09	4.24

500000.0	500000.0	1638364042.7154272	1.129e+05	8.922e+03	1.349e+04	5.445e+04	1.704e+03	1.003e+04	6.908e+03	58.07	55.09	4.37

500000.0	500000.0	1638364043.7119904	1.131e+05	8.799e+03	1.351e+04	5.477e+04	1.716e+03	1.006e+04	6.922e+03	58.02	55.17	4.21

500000.0	500000.0	1638364044.6630147	1.132e+05	8.676e+03	1.352e+04	5.521e+04	1.727e+03	1.009e+04	6.936e+03	58.00	55.25	4.14

500000.0	500000.0	1638364045.7097409	1.134e+05	8.582e+03	1.353e+04	5.534e+04	1.738e+03	1.011e+04	6.946e+03	57.96	54.98	4.31

500000.0	500000.0	1638364046.708213	1.137e+05	8.394e+03	1.354e+04	5.579e+04	1.749e+03	1.014e+04	6.958e+03	57.91	55.13	4.32

500000.0	500000.0	1638364047.6666355	1.138e+05	8.315e+03	1.357e+04	5.612e+04	1.758e+03	1.015e+04	6.968e+03	57.85	55.13	4.32

500000.0	500000.0	1638364048.7117102	1.140e+05	8.222e+03	1.360e+04	5.652e+04	1.766e+03	1.016e+04	6.977e+03	57.85	55.17	4.26

500000.0	500000.0	1638364049.717768	1.140e+05	8.150e+03	1.362e+04	5.679e+04	1.776e+03	1.017e+04	6.985e+03	57.80	55.17	4.37

500000.0	500000.0	1638364050.7091374	1.143e+05	8.079e+03	1.363e+04	5.706e+04	1.784e+03	1.019e+04	6.995e+03	57.79	55.13	4.26

500000.0	500000.0	1638364051.7034464	1.143e+05	8.000e+03	1.362e+04	5.740e+04	1.793e+03	1.022e+04	7.004e+03	57.77	55.17	4.16

500000.0	500000.0	1638364052.6602273	1.142e+05	7.936e+03	1.363e+04	5.775e+04	1.800e+03	1.025e+04	7.013e+03	57.74	55.13	4.30

500000.0	500000.0	1638364053.718398	1.144e+05	7.893e+03	1.361e+04	5.789e+04	1.806e+03	1.028e+04	7.020e+03	57.72	55.09	4.28

500000.0	500000.0	1638364054.705838	1.145e+05	7.851e+03	1.361e+04	5.824e+04	1.814e+03	1.030e+04	7.026e+03	57.69	55.05	4.31

500000.0	500000.0	1638364055.705472	1.145e+05	7.815e+03	1.362e+04	5.845e+04	1.820e+03	1.032e+04	7.033e+03	57.66	55.01	4.20

500000.0	500000.0	1638364056.7009943	1.148e+05	7.772e+03	1.361e+04	5.881e+04	1.827e+03	1.035e+04	7.042e+03	57.63	55.05	4.32

500000.0	500000.0	1638364057.7140574	1.148e+05	7.737e+03	1.360e+04	5.895e+04	1.834e+03	1.038e+04	7.047e+03	57.62	55.09	4.29

500000.0	500000.0	1638364058.7047405	1.150e+05	7.715e+03	1.359e+04	5.932e+04	1.839e+03	1.040e+04	7.054e+03	57.59	55.09	4.18

500000.0	500000.0	1638364059.7025018	1.151e+05	7.687e+03	1.357e+04	5.961e+04	1.845e+03	1.044e+04	7.059e+03	57.56	55.09	4.17

500000.0	500000.0	1638364060.6988788	1.151e+05	7.659e+03	1.357e+04	5.998e+04	1.851e+03	1.046e+04	7.066e+03	57.53	55.05	4.35

500000.0	500000.0	1638364061.6521888	1.150e+05	7.645e+03	1.356e+04	6.013e+04	1.856e+03	1.048e+04	7.068e+03	57.53	55.13	4.15

500000.0	500000.0	1638364062.6512663	1.150e+05	7.616e+03	1.357e+04	6.036e+04	1.861e+03	1.049e+04	7.075e+03	57.51	55.13	4.24

500000.0	500000.0	1638364063.705803	1.151e+05	7.510e+03	1.357e+04	6.067e+04	1.865e+03	1.050e+04	7.078e+03	57.49	55.25	4.37

500000.0	500000.0	1638364064.6941128	1.152e+05	7.453e+03	1.359e+04	6.090e+04	1.871e+03	1.050e+04	7.084e+03	57.47	55.25	4.23

500000.0	500000.0	1638364065.715409	1.151e+05	7.446e+03	1.360e+04	6.113e+04	1.875e+03	1.051e+04	7.087e+03	57.47	55.33	4.25

500000.0	500000.0	1638364066.6945512	1.152e+05	7.439e+03	1.360e+04	6.128e+04	1.879e+03	1.052e+04	7.091e+03	57.45	55.05	4.24

500000.0	500000.0	1638364067.6478858	1.152e+05	7.425e+03	1.360e+04	6.152e+04	1.884e+03	1.053e+04	7.096e+03	57.44	55.09	4.22

500000.0	500000.0	1638364068.690606	1.152e+05	7.418e+03	1.360e+04	6.175e+04	1.887e+03	1.054e+04	7.098e+03	57.43	55.13	4.10

500000.0	500000.0	1638364069.6879036	1.151e+05	7.418e+03	1.361e+04	6.183e+04	1.890e+03	1.054e+04	7.099e+03	57.43	55.09	4.22

500000.0	500000.0	1638364070.6890457	1.152e+05	7.418e+03	1.364e+04	6.207e+04	1.893e+03	1.052e+04	7.101e+03	57.42	55.05	4.28

500000.0	500000.0	1638364071.6902218	1.154e+05	7.411e+03	1.368e+04	6.239e+04	1.896e+03	1.050e+04	7.105e+03	57.37	55.09	4.27

500000.0	500000.0	1638364072.6860418	1.152e+05	7.397e+03	1.371e+04	6.255e+04	1.899e+03	1.048e+04	7.106e+03	57.40	55.09	4.16

500000.0	500000.0	1638364073.6862833	1.153e+05	7.390e+03	1.371e+04	6.272e+04	1.902e+03	1.048e+04	7.110e+03	57.37	55.13	4.31

500000.0	500000.0	1638364074.632186	1.153e+05	7.390e+03	1.372e+04	6.280e+04	1.904e+03	1.048e+04	7.111e+03	57.39	55.13	4.25

500000.0	500000.0	1638364075.697341	1.154e+05	7.390e+03	1.372e+04	6.313e+04	1.907e+03	1.049e+04	7.115e+03	57.36	55.21	4.26

500000.0	500000.0	1638364076.6855881	1.155e+05	7.390e+03	1.373e+04	6.329e+04	1.911e+03	1.050e+04	7.115e+03	57.36	55.17	4.15

500000.0	500000.0	1638364077.6939833	1.157e+05	7.390e+03	1.372e+04	6.346e+04	1.913e+03	1.051e+04	7.118e+03	57.35	55.13	4.31

500000.0	500000.0	1638364078.6806169	1.154e+05	7.390e+03	1.372e+04	6.354e+04	1.917e+03	1.052e+04	7.122e+03	57.34	55.09	4.23

500000.0	500000.0	1638364079.6732848	1.155e+05	7.390e+03	1.371e+04	6.379e+04	1.921e+03	1.053e+04	7.122e+03	57.34	55.13	4.19

500000.0	500000.0	1638364080.677559	1.156e+05	7.390e+03	1.372e+04	6.396e+04	1.925e+03	1.054e+04	7.127e+03	57.32	55.25	4.14

500000.0	500000.0	1638364081.6894155	1.165e+05	7.362e+03	1.365e+04	6.413e+04	1.935e+03	1.061e+04	7.132e+03	57.30	55.05	4.23

500000.0	500000.0	1638364082.6306272	1.177e+05	7.362e+03	1.342e+04	6.422e+04	1.950e+03	1.086e+04	7.150e+03	57.30	55.01	4.25

##########################################################_BOMBA_DESLIGADA_###########################################################
#####################################################_CICLO_FINALIZADO_2_DE_5_#####################################################
1	1	1638364146.6162088	1.128e+05	7.305e+03	6.998e+03	7.254e+04	2.903e+03	1.848e+04	7.588e+03	60.11	99.60	6.92

500000.0	1	1638364147.6128232	1.127e+05	7.305e+03	6.892e+03	7.233e+04	2.915e+03	1.860e+04	7.592e+03	60.13	99.52	6.98

500000.0	1	1638364148.6124883	1.127e+05	7.305e+03	6.851e+03	7.233e+04	2.928e+03	1.871e+04	7.596e+03	60.12	99.48	6.98

#####################################################_CICLO_INICIADO_3_DE_5_#####################################################
############################################################_BOMBA_LIGADA_############################################################
1	500000.0	1638364154.609834	6.003e+04	7.305e+03	1.910e+04	6.985e+04	1.428e+03	6.306e+03	6.664e+03	60.17	69.11	6.42

500000.0	500000.0	1638364155.606	5.237e+04	1.071e+04	2.479e+04	6.752e+04	9.493e+02	3.613e+03	6.009e+03	60.22	69.15	6.61

500000.0	500000.0	1638364156.604934	5.037e+04	1.740e+04	2.673e+04	6.597e+04	7.523e+02	2.796e+03	5.634e+03	60.28	69.42	6.84

500000.0	500000.0	1638364157.5617876	5.012e+04	2.009e+04	2.731e+04	6.508e+04	6.650e+02	2.472e+03	5.424e+03	60.32	69.30	6.97

500000.0	500000.0	1638364158.594572	5.042e+04	2.173e+04	2.737e+04	6.422e+04	6.248e+02	2.339e+03	5.304e+03	60.37	69.11	7.08

500000.0	500000.0	1638364159.543308	5.095e+04	2.282e+04	2.724e+04	6.396e+04	6.057e+02	2.286e+03	5.232e+03	60.38	69.15	7.08

500000.0	500000.0	1638364160.5423427	5.155e+04	2.355e+04	2.702e+04	6.371e+04	5.988e+02	2.278e+03	5.191e+03	60.41	69.23	7.16

500000.0	500000.0	1638364161.5962555	5.218e+04	2.406e+04	2.675e+04	6.346e+04	5.975e+02	2.295e+03	5.167e+03	60.42	69.46	7.31

500000.0	500000.0	1638364162.5955932	5.267e+04	2.439e+04	2.645e+04	6.321e+04	5.994e+02	2.327e+03	5.152e+03	60.45	69.42	7.18

500000.0	500000.0	1638364163.5960784	5.322e+04	2.462e+04	2.615e+04	6.338e+04	6.038e+02	2.368e+03	5.145e+03	60.42	69.23	7.08

500000.0	500000.0	1638364164.5965939	5.358e+04	2.480e+04	2.586e+04	6.321e+04	6.076e+02	2.412e+03	5.140e+03	60.45	69.19	7.13

500000.0	500000.0	1638364165.594026	5.404e+04	2.496e+04	2.556e+04	6.313e+04	6.127e+02	2.456e+03	5.139e+03	60.46	69.23	7.04

500000.0	500000.0	1638364166.5939882	5.427e+04	2.510e+04	2.528e+04	6.329e+04	6.178e+02	2.502e+03	5.137e+03	60.44	69.30	7.09

500000.0	500000.0	1638364167.5931027	5.464e+04	2.523e+04	2.505e+04	6.321e+04	6.235e+02	2.541e+03	5.135e+03	60.44	69.34	7.27

500000.0	500000.0	1638364168.5909555	5.480e+04	2.538e+04	2.482e+04	6.313e+04	6.286e+02	2.578e+03	5.132e+03	60.45	69.46	7.42

500000.0	500000.0	1638364169.5885568	5.501e+04	2.545e+04	2.461e+04	6.304e+04	6.324e+02	2.612e+03	5.132e+03	60.45	69.54	7.26

500000.0	500000.0	1638364170.5911937	5.520e+04	2.554e+04	2.443e+04	6.321e+04	6.362e+02	2.642e+03	5.129e+03	60.42	69.23	7.21

500000.0	500000.0	1638364171.5903628	5.536e+04	2.560e+04	2.428e+04	6.313e+04	6.407e+02	2.668e+03	5.128e+03	60.42	69.30	7.37

500000.0	500000.0	1638364172.5359085	5.542e+04	2.565e+04	2.413e+04	6.313e+04	6.439e+02	2.692e+03	5.125e+03	60.40	69.38	7.25

##########################################################_BOMBA_DESLIGADA_###########################################################
1	1	1638364175.5905595	5.786e+04	2.638e+04	2.362e+04	6.247e+04	6.580e+02	2.762e+03	5.108e+03	60.56	99.56	9.20

500000.0	1	1638364176.584403	6.068e+04	2.618e+04	2.361e+04	6.430e+04	6.733e+02	2.819e+03	5.153e+03	60.51	99.52	9.65

500000.0	1	1638364177.584041	6.274e+04	2.596e+04	2.361e+04	6.570e+04	6.875e+02	2.868e+03	5.195e+03	60.47	99.48	9.78

500000.0	1	1638364178.5820694	6.396e+04	2.578e+04	2.359e+04	6.678e+04	6.997e+02	2.914e+03	5.231e+03	60.44	99.52	9.90

500000.0	1	1638364179.533701	6.470e+04	2.568e+04	2.353e+04	6.743e+04	7.107e+02	2.959e+03	5.260e+03	60.42	99.60	9.88

500000.0	1	1638364180.5813096	6.520e+04	2.561e+04	2.348e+04	6.781e+04	7.191e+02	3.001e+03	5.283e+03	60.40	99.56	9.81

500000.0	1	1638364181.5319035	6.545e+04	2.558e+04	2.341e+04	6.790e+04	7.276e+02	3.038e+03	5.305e+03	60.38	99.52	9.74

500000.0	1	1638364182.5359473	6.570e+04	2.556e+04	2.333e+04	6.800e+04	7.347e+02	3.075e+03	5.323e+03	60.37	99.60	9.74

500000.0	1	1638364183.568	6.599e+04	2.554e+04	2.327e+04	6.809e+04	7.419e+02	3.107e+03	5.339e+03	60.36	99.52	9.72

500000.0	1	1638364184.5771773	6.633e+04	2.553e+04	2.320e+04	6.800e+04	7.478e+02	3.140e+03	5.353e+03	60.35	99.56	9.69

500000.0	1	1638364185.5768306	6.644e+04	2.549e+04	2.312e+04	6.790e+04	7.536e+02	3.171e+03	5.368e+03	60.33	99.60	9.68

500000.0	1	1638364186.5291345	6.685e+04	2.545e+04	2.307e+04	6.771e+04	7.588e+02	3.201e+03	5.380e+03	60.33	99.56	9.64

500000.0	1	1638364187.5868556	6.715e+04	2.541e+04	2.301e+04	6.762e+04	7.647e+02	3.228e+03	5.394e+03	60.32	99.48	9.69

500000.0	1	1638364188.5704715	6.749e+04	2.536e+04	2.296e+04	6.743e+04	7.700e+02	3.254e+03	5.406e+03	60.32	99.52	9.79

500000.0	1	1638364189.5665903	6.776e+04	2.529e+04	2.291e+04	6.724e+04	7.752e+02	3.279e+03	5.418e+03	60.32	99.56	9.51

500000.0	1	1638364190.569739	6.810e+04	2.524e+04	2.286e+04	6.706e+04	7.805e+02	3.304e+03	5.431e+03	60.30	99.56	9.38

500000.0	1	1638364191.5222201	6.837e+04	2.518e+04	2.283e+04	6.678e+04	7.857e+02	3.327e+03	5.442e+03	60.30	99.56	9.34

500000.0	1	1638364192.5692565	6.873e+04	2.511e+04	2.279e+04	6.651e+04	7.910e+02	3.351e+03	5.453e+03	60.30	99.52	9.40

500000.0	1	1638364193.5625112	6.900e+04	2.504e+04	2.275e+04	6.651e+04	7.969e+02	3.374e+03	5.466e+03	60.30	99.64	9.29

500000.0	1	1638364194.5663614	6.936e+04	2.496e+04	2.271e+04	6.614e+04	8.015e+02	3.397e+03	5.475e+03	60.30	99.60	9.31

500000.0	1	1638364195.5268085	6.960e+04	2.488e+04	2.266e+04	6.588e+04	8.061e+02	3.420e+03	5.488e+03	60.28	99.60	9.47

500000.0	1	1638364196.5651762	6.996e+04	2.481e+04	2.263e+04	6.561e+04	8.114e+02	3.442e+03	5.498e+03	60.28	99.56	9.41

500000.0	1	1638364197.5670497	7.029e+04	2.472e+04	2.258e+04	6.543e+04	8.167e+02	3.464e+03	5.507e+03	60.28	99.56	9.51

500000.0	1	1638364198.5620193	7.054e+04	2.464e+04	2.255e+04	6.508e+04	8.220e+02	3.486e+03	5.519e+03	60.27	99.52	9.45

500000.0	1	1638364199.5719438	7.074e+04	2.454e+04	2.251e+04	6.499e+04	8.266e+02	3.509e+03	5.527e+03	60.27	99.52	9.52

500000.0	1	1638364200.574202	7.120e+04	2.446e+04	2.247e+04	6.456e+04	8.319e+02	3.530e+03	5.538e+03	60.27	99.56	9.45

500000.0	1	1638364201.51165	7.128e+04	2.436e+04	2.242e+04	6.456e+04	8.372e+02	3.556e+03	5.549e+03	60.27	99.60	9.39

500000.0	1	1638364202.55819	7.171e+04	2.427e+04	2.237e+04	6.413e+04	8.425e+02	3.578e+03	5.558e+03	60.27	99.52	9.39

500000.0	1	1638364203.558333	7.196e+04	2.417e+04	2.234e+04	6.396e+04	8.478e+02	3.601e+03	5.569e+03	60.27	99.64	9.44

500000.0	1	1638364204.5460901	7.226e+04	2.408e+04	2.229e+04	6.371e+04	8.532e+02	3.623e+03	5.578e+03	60.26	99.52	9.40

500000.0	1	1638364205.5536816	7.260e+04	2.397e+04	2.225e+04	6.329e+04	8.592e+02	3.645e+03	5.589e+03	60.27	99.48	9.25

500000.0	1	1638364206.556199	7.278e+04	2.389e+04	2.220e+04	6.329e+04	8.638e+02	3.671e+03	5.599e+03	60.27	99.64	9.20

500000.0	1	1638364207.5537992	7.308e+04	2.379e+04	2.214e+04	6.304e+04	8.685e+02	3.697e+03	5.609e+03	60.28	99.56	9.36

500000.0	1	1638364208.5118065	7.335e+04	2.367e+04	2.210e+04	6.280e+04	8.739e+02	3.720e+03	5.617e+03	60.27	99.52	9.26

500000.0	1	1638364209.5536065	7.361e+04	2.359e+04	2.205e+04	6.264e+04	8.799e+02	3.744e+03	5.629e+03	60.26	99.56	9.39

500000.0	1	1638364210.507583	7.384e+04	2.349e+04	2.200e+04	6.231e+04	8.852e+02	3.769e+03	5.636e+03	60.26	99.56	9.47

500000.0	1	1638364211.551584	7.419e+04	2.338e+04	2.194e+04	6.223e+04	8.913e+02	3.796e+03	5.646e+03	60.26	99.52	9.49

500000.0	1	1638364212.5502663	7.433e+04	2.327e+04	2.186e+04	6.207e+04	8.966e+02	3.828e+03	5.656e+03	60.27	99.68	9.48

500000.0	1	1638364213.5516534	7.469e+04	2.318e+04	2.181e+04	6.191e+04	9.027e+02	3.851e+03	5.666e+03	60.26	99.60	9.20

500000.0	1	1638364214.5452306	7.483e+04	2.308e+04	2.177e+04	6.136e+04	9.074e+02	3.875e+03	5.674e+03	60.27	99.56	9.30

500000.0	1	1638364215.546786	7.524e+04	2.297e+04	2.172e+04	6.144e+04	9.141e+02	3.899e+03	5.684e+03	60.25	99.48	9.23

500000.0	1	1638364216.5415652	7.543e+04	2.286e+04	2.164e+04	6.121e+04	9.195e+02	3.933e+03	5.693e+03	60.27	99.44	9.37

500000.0	1	1638364217.5430048	7.566e+04	2.275e+04	2.160e+04	6.105e+04	9.256e+02	3.957e+03	5.705e+03	60.27	99.64	9.36

500000.0	1	1638364218.5548122	7.585e+04	2.264e+04	2.155e+04	6.082e+04	9.303e+02	3.983e+03	5.713e+03	60.27	99.56	9.35

500000.0	1	1638364219.5612817	7.613e+04	2.254e+04	2.148e+04	6.059e+04	9.364e+02	4.012e+03	5.722e+03	60.27	99.44	9.40

500000.0	1	1638364220.5476696	7.646e+04	2.245e+04	2.143e+04	6.059e+04	9.432e+02	4.041e+03	5.733e+03	60.27	99.60	9.29

500000.0	1	1638364221.5311155	7.655e+04	2.233e+04	2.136e+04	6.036e+04	9.486e+02	4.072e+03	5.742e+03	60.27	99.64	9.41

500000.0	1	1638364222.5380912	7.674e+04	2.223e+04	2.130e+04	6.021e+04	9.547e+02	4.102e+03	5.751e+03	60.27	99.64	9.34

500000.0	1	1638364223.5339854	7.713e+04	2.212e+04	2.121e+04	5.998e+04	9.609e+02	4.136e+03	5.759e+03	60.27	99.48	9.31

500000.0	1	1638364224.4962704	7.722e+04	2.201e+04	2.114e+04	5.984e+04	9.663e+02	4.169e+03	5.770e+03	60.28	99.64	9.37

500000.0	1	1638364225.546152	7.752e+04	2.191e+04	2.109e+04	5.969e+04	9.731e+02	4.198e+03	5.778e+03	60.27	99.52	9.39

500000.0	1	1638364226.5339534	7.776e+04	2.179e+04	2.101e+04	5.954e+04	9.793e+02	4.229e+03	5.787e+03	60.30	99.56	9.43

500000.0	1	1638364227.5347443	7.800e+04	2.169e+04	2.094e+04	5.924e+04	9.854e+02	4.260e+03	5.797e+03	60.28	99.52	9.27

500000.0	1	1638364228.5329895	7.825e+04	2.159e+04	2.088e+04	5.917e+04	9.923e+02	4.292e+03	5.807e+03	60.27	99.64	9.42

500000.0	1	1638364229.4884343	7.845e+04	2.148e+04	2.082e+04	5.903e+04	9.984e+02	4.325e+03	5.816e+03	60.28	99.52	9.33

500000.0	1	1638364230.5315232	7.865e+04	2.137e+04	2.074e+04	5.888e+04	1.005e+03	4.359e+03	5.825e+03	60.28	99.56	9.26

500000.0	1	1638364231.535824	7.875e+04	2.127e+04	2.067e+04	5.867e+04	1.011e+03	4.393e+03	5.835e+03	60.30	99.48	9.45

500000.0	1	1638364232.4801192	7.910e+04	2.117e+04	2.060e+04	5.859e+04	1.018e+03	4.428e+03	5.845e+03	60.28	99.44	9.29

500000.0	1	1638364233.5287352	7.935e+04	2.106e+04	2.053e+04	5.845e+04	1.025e+03	4.461e+03	5.854e+03	60.28	99.52	9.40

500000.0	1	1638364234.5213668	7.940e+04	2.097e+04	2.045e+04	5.838e+04	1.030e+03	4.500e+03	5.865e+03	60.28	99.64	9.20

############################################################_BOMBA_LIGADA_############################################################
1	500000.0	1638364240.5223603	8.416e+04	1.917e+04	2.023e+04	5.692e+04	1.099e+03	4.757e+03	5.991e+03	59.79	55.29	6.36

500000.0	500000.0	1638364241.5184972	8.953e+04	1.796e+04	2.013e+04	5.347e+04	1.134e+03	4.921e+03	6.074e+03	59.57	55.05	5.26

500000.0	500000.0	1638364242.4705756	9.491e+04	1.687e+04	1.975e+04	5.155e+04	1.178e+03	5.205e+03	6.176e+03	59.38	55.17	5.01

500000.0	500000.0	1638364243.5180044	9.921e+04	1.593e+04	1.915e+04	5.061e+04	1.223e+03	5.583e+03	6.275e+03	59.21	55.21	4.71

500000.0	500000.0	1638364244.514601	1.026e+05	1.515e+04	1.843e+04	5.013e+04	1.268e+03	6.014e+03	6.366e+03	59.07	55.13	4.56

500000.0	500000.0	1638364245.5179806	1.050e+05	1.447e+04	1.770e+04	4.997e+04	1.310e+03	6.465e+03	6.446e+03	58.95	55.01	4.50

500000.0	500000.0	1638364246.5147538	1.067e+05	1.258e+04	1.700e+04	5.007e+04	1.349e+03	6.916e+03	6.515e+03	58.82	55.17	4.32

500000.0	500000.0	1638364247.51752	1.079e+05	1.208e+04	1.638e+04	5.002e+04	1.383e+03	7.342e+03	6.573e+03	58.73	55.17	4.51

500000.0	500000.0	1638364248.5135677	1.088e+05	1.165e+04	1.586e+04	5.029e+04	1.414e+03	7.721e+03	6.622e+03	58.62	55.21	4.36

500000.0	500000.0	1638364249.4672327	1.096e+05	1.129e+04	1.547e+04	5.056e+04	1.442e+03	8.042e+03	6.661e+03	58.53	55.01	4.33

500000.0	500000.0	1638364250.4681726	1.101e+05	1.097e+04	1.515e+04	5.083e+04	1.467e+03	8.305e+03	6.697e+03	58.45	55.09	4.17

500000.0	500000.0	1638364251.5253394	1.104e+05	1.069e+04	1.496e+04	5.100e+04	1.487e+03	8.507e+03	6.727e+03	58.38	54.98	4.37

500000.0	500000.0	1638364252.510306	1.107e+05	1.045e+04	1.480e+04	5.155e+04	1.504e+03	8.674e+03	6.755e+03	58.28	55.13	4.23

500000.0	500000.0	1638364253.5088246	1.110e+05	1.021e+04	1.469e+04	5.161e+04	1.523e+03	8.808e+03	6.779e+03	58.21	55.17	4.27

500000.0	500000.0	1638364254.4641242	1.112e+05	1.003e+04	1.464e+04	5.201e+04	1.536e+03	8.894e+03	6.799e+03	58.16	55.21	4.28

500000.0	500000.0	1638364255.5046625	1.116e+05	9.830e+03	1.463e+04	5.235e+04	1.551e+03	8.953e+03	6.817e+03	58.10	55.25	4.40

500000.0	500000.0	1638364256.5067208	1.117e+05	9.660e+03	1.464e+04	5.264e+04	1.564e+03	8.999e+03	6.837e+03	58.07	55.13	4.24

500000.0	500000.0	1638364257.5044377	1.127e+05	9.462e+03	1.461e+04	5.299e+04	1.580e+03	9.080e+03	6.858e+03	58.01	55.17	4.27

500000.0	500000.0	1638364258.5001523	1.148e+05	9.162e+03	1.441e+04	5.335e+04	1.607e+03	9.304e+03	6.893e+03	57.98	55.05	4.07

500000.0	500000.0	1638364259.5040267	1.173e+05	8.813e+03	1.400e+04	5.371e+04	1.645e+03	9.736e+03	6.937e+03	57.92	55.25	4.08

500000.0	500000.0	1638364260.502268	1.179e+05	8.632e+03	1.350e+04	5.402e+04	1.672e+03	1.022e+04	6.973e+03	57.85	55.09	4.31

500000.0	500000.0	1638364261.4994028	1.171e+05	8.510e+03	1.319e+04	5.433e+04	1.687e+03	1.054e+04	6.992e+03	57.84	55.21	4.05

500000.0	500000.0	1638364262.499992	1.161e+05	8.366e+03	1.309e+04	5.477e+04	1.697e+03	1.064e+04	6.999e+03	57.78	55.13	4.12

500000.0	500000.0	1638364263.4954543	1.156e+05	8.308e+03	1.317e+04	5.502e+04	1.703e+03	1.059e+04	7.004e+03	57.73	55.17	4.06

500000.0	500000.0	1638364264.4996123	1.153e+05	8.244e+03	1.332e+04	5.534e+04	1.708e+03	1.048e+04	7.006e+03	57.71	55.21	4.26

500000.0	500000.0	1638364265.493988	1.150e+05	8.186e+03	1.348e+04	5.573e+04	1.713e+03	1.036e+04	7.011e+03	57.69	55.25	4.16

500000.0	500000.0	1638364266.495136	1.148e+05	8.129e+03	1.363e+04	5.605e+04	1.719e+03	1.024e+04	7.014e+03	57.66	55.13	4.14

500000.0	500000.0	1638364267.4908686	1.148e+05	8.079e+03	1.379e+04	5.625e+04	1.723e+03	1.014e+04	7.018e+03	57.65	55.13	4.18

500000.0	500000.0	1638364268.4942234	1.146e+05	8.007e+03	1.393e+04	5.665e+04	1.727e+03	1.004e+04	7.021e+03	57.60	55.13	4.15

500000.0	500000.0	1638364269.4890258	1.145e+05	7.965e+03	1.402e+04	5.685e+04	1.731e+03	9.976e+03	7.025e+03	57.62	55.13	4.24

500000.0	500000.0	1638364270.488884	1.147e+05	7.929e+03	1.412e+04	5.713e+04	1.735e+03	9.921e+03	7.026e+03	57.57	55.13	4.32

500000.0	500000.0	1638364271.487573	1.145e+05	7.886e+03	1.419e+04	5.740e+04	1.740e+03	9.877e+03	7.032e+03	57.56	55.01	4.17

500000.0	500000.0	1638364272.4895663	1.145e+05	7.858e+03	1.425e+04	5.775e+04	1.745e+03	9.844e+03	7.035e+03	57.53	55.05	4.19

500000.0	500000.0	1638364273.4875796	1.149e+05	7.808e+03	1.429e+04	5.810e+04	1.750e+03	9.834e+03	7.040e+03	57.51	55.13	4.04

500000.0	500000.0	1638364274.482341	1.151e+05	7.765e+03	1.429e+04	5.831e+04	1.755e+03	9.841e+03	7.049e+03	57.48	55.25	4.31

500000.0	500000.0	1638364275.4856193	1.147e+05	7.751e+03	1.429e+04	5.852e+04	1.758e+03	9.859e+03	7.052e+03	57.47	55.05	4.22

500000.0	500000.0	1638364276.4858549	1.148e+05	7.744e+03	1.431e+04	5.881e+04	1.762e+03	9.852e+03	7.056e+03	57.45	55.05	4.17

500000.0	500000.0	1638364277.48311	1.149e+05	7.715e+03	1.435e+04	5.910e+04	1.765e+03	9.834e+03	7.056e+03	57.43	55.01	4.14

500000.0	500000.0	1638364278.478075	1.148e+05	7.701e+03	1.438e+04	5.932e+04	1.767e+03	9.808e+03	7.063e+03	57.42	55.17	4.25

500000.0	500000.0	1638364279.4810789	1.146e+05	7.680e+03	1.443e+04	5.954e+04	1.769e+03	9.798e+03	7.065e+03	57.43	55.13	4.25

500000.0	500000.0	1638364280.4771411	1.148e+05	7.666e+03	1.445e+04	5.969e+04	1.772e+03	9.782e+03	7.068e+03	57.37	55.01	4.16

500000.0	500000.0	1638364281.4805815	1.148e+05	7.645e+03	1.447e+04	6.006e+04	1.776e+03	9.782e+03	7.073e+03	57.37	55.25	4.09

500000.0	500000.0	1638364282.4768107	1.149e+05	7.637e+03	1.447e+04	6.029e+04	1.780e+03	9.787e+03	7.075e+03	57.36	55.09	4.27

500000.0	500000.0	1638364283.4795525	1.151e+05	7.574e+03	1.448e+04	6.036e+04	1.782e+03	9.795e+03	7.077e+03	57.35	55.05	4.20

500000.0	500000.0	1638364284.4787261	1.150e+05	7.482e+03	1.448e+04	6.067e+04	1.786e+03	9.808e+03	7.082e+03	57.34	55.01	4.26

500000.0	500000.0	1638364285.4266465	1.151e+05	7.460e+03	1.448e+04	6.082e+04	1.788e+03	9.813e+03	7.085e+03	57.34	55.21	4.09

500000.0	500000.0	1638364286.4266644	1.151e+05	7.446e+03	1.449e+04	6.105e+04	1.790e+03	9.813e+03	7.087e+03	57.32	55.05	4.22

500000.0	500000.0	1638364287.4301174	1.152e+05	7.446e+03	1.449e+04	6.128e+04	1.794e+03	9.821e+03	7.089e+03	57.32	55.13	4.31

500000.0	500000.0	1638364288.476333	1.153e+05	7.432e+03	1.451e+04	6.144e+04	1.797e+03	9.816e+03	7.092e+03	57.28	55.09	4.15

500000.0	500000.0	1638364289.4754114	1.152e+05	7.418e+03	1.450e+04	6.168e+04	1.800e+03	9.831e+03	7.096e+03	57.28	55.13	4.30

500000.0	500000.0	1638364290.4890919	1.153e+05	7.418e+03	1.448e+04	6.175e+04	1.803e+03	9.852e+03	7.098e+03	57.27	55.13	4.15

500000.0	500000.0	1638364291.4632332	1.151e+05	7.418e+03	1.447e+04	6.207e+04	1.806e+03	9.870e+03	7.101e+03	57.27	55.09	4.31

500000.0	500000.0	1638364292.4689403	1.157e+05	7.418e+03	1.447e+04	6.223e+04	1.810e+03	9.888e+03	7.106e+03	57.26	55.13	4.16

500000.0	500000.0	1638364293.467165	1.169e+05	7.397e+03	1.431e+04	6.231e+04	1.815e+03	1.003e+04	7.118e+03	57.26	55.01	4.10

500000.0	500000.0	1638364294.4644747	1.169e+05	7.390e+03	1.412e+04	6.255e+04	1.827e+03	1.022e+04	7.129e+03	57.25	55.09	4.28

500000.0	500000.0	1638364295.4072626	1.168e+05	7.390e+03	1.400e+04	6.264e+04	1.832e+03	1.033e+04	7.134e+03	57.24	55.21	4.20

500000.0	500000.0	1638364296.4628756	1.163e+05	7.390e+03	1.398e+04	6.288e+04	1.836e+03	1.035e+04	7.132e+03	57.25	55.13	4.01

500000.0	500000.0	1638364297.4660366	1.159e+05	7.390e+03	1.403e+04	6.296e+04	1.836e+03	1.031e+04	7.132e+03	57.24	55.25	4.09

500000.0	500000.0	1638364298.4620588	1.159e+05	7.390e+03	1.410e+04	6.329e+04	1.838e+03	1.025e+04	7.132e+03	57.22	55.09	4.29

500000.0	500000.0	1638364299.4608	1.157e+05	7.390e+03	1.416e+04	6.346e+04	1.839e+03	1.019e+04	7.131e+03	57.24	55.09	4.25

##########################################################_BOMBA_DESLIGADA_###########################################################
#####################################################_CICLO_FINALIZADO_3_DE_5_#####################################################
1	1	1638364362.402458	1.131e+05	7.305e+03	8.144e+03	7.148e+04	2.668e+03	1.630e+04	7.542e+03	59.95	99.56	6.96

500000.0	1	1638364363.3906944	1.129e+05	7.305e+03	8.071e+03	7.148e+04	2.678e+03	1.642e+04	7.546e+03	59.97	99.72	6.77

500000.0	1	1638364364.405765	1.129e+05	7.305e+03	8.023e+03	7.128e+04	2.691e+03	1.650e+04	7.548e+03	59.97	99.40	6.86

#####################################################_CICLO_INICIADO_4_DE_5_#####################################################
500000.0	1	1638364365.3937836	1.131e+05	7.305e+03	7.962e+03	7.128e+04	2.702e+03	1.662e+04	7.551e+03	59.97	99.52	6.88

############################################################_BOMBA_LIGADA_############################################################
1	500000.0	1638364370.388775	8.606e+04	7.305e+03	9.903e+03	7.138e+04	2.219e+03	1.376e+04	7.353e+03	59.97	69.42	5.92

500000.0	500000.0	1638364371.3860784	6.068e+04	7.305e+03	2.014e+04	6.867e+04	1.333e+03	5.790e+03	6.600e+03	60.05	69.23	6.23

500000.0	500000.0	1638364372.39035	5.335e+04	1.115e+04	2.557e+04	6.624e+04	9.094e+02	3.426e+03	5.991e+03	60.11	69.15	6.61

500000.0	500000.0	1638364373.3887599	5.124e+04	1.752e+04	2.736e+04	6.499e+04	7.334e+02	2.697e+03	5.644e+03	60.16	69.23	6.67

500000.0	500000.0	1638364374.3405502	5.091e+04	2.008e+04	2.788e+04	6.396e+04	6.535e+02	2.401e+03	5.442e+03	60.20	69.11	6.85

500000.0	500000.0	1638364375.3846323	5.117e+04	2.169e+04	2.794e+04	6.346e+04	6.146e+02	2.275e+03	5.327e+03	60.22	69.42	6.88

500000.0	500000.0	1638364376.3999832	5.159e+04	2.275e+04	2.782e+04	6.288e+04	5.963e+02	2.226e+03	5.259e+03	60.26	69.46	6.73

500000.0	500000.0	1638364377.3837097	5.210e+04	2.339e+04	2.760e+04	6.296e+04	5.899e+02	2.217e+03	5.217e+03	60.26	69.26	6.84

500000.0	500000.0	1638364378.3839288	5.264e+04	2.387e+04	2.732e+04	6.272e+04	5.868e+02	2.236e+03	5.192e+03	60.30	69.26	6.94

500000.0	500000.0	1638364379.3843038	5.312e+04	2.423e+04	2.702e+04	6.255e+04	5.880e+02	2.264e+03	5.177e+03	60.30	69.42	7.02

500000.0	500000.0	1638364380.3818827	5.360e+04	2.449e+04	2.672e+04	6.264e+04	5.925e+02	2.301e+03	5.167e+03	60.28	69.38	7.00

500000.0	500000.0	1638364381.3274422	5.391e+04	2.473e+04	2.642e+04	6.264e+04	5.963e+02	2.342e+03	5.163e+03	60.30	69.34	7.13

500000.0	500000.0	1638364382.378471	5.422e+04	2.491e+04	2.614e+04	6.239e+04	6.001e+02	2.383e+03	5.157e+03	60.31	69.15	6.95

500000.0	500000.0	1638364383.376798	5.456e+04	2.505e+04	2.587e+04	6.247e+04	6.057e+02	2.425e+03	5.155e+03	60.31	69.19	7.05

500000.0	500000.0	1638364384.3749578	5.483e+04	2.518e+04	2.562e+04	6.239e+04	6.108e+02	2.464e+03	5.155e+03	60.32	69.58	7.21

500000.0	500000.0	1638364385.3733108	5.507e+04	2.528e+04	2.539e+04	6.247e+04	6.159e+02	2.502e+03	5.153e+03	60.31	69.50	7.12

500000.0	500000.0	1638364386.375589	5.525e+04	2.537e+04	2.523e+04	6.239e+04	6.197e+02	2.529e+03	5.152e+03	60.31	69.42	7.12

500000.0	500000.0	1638364387.3727486	5.542e+04	2.546e+04	2.503e+04	6.247e+04	6.241e+02	2.560e+03	5.151e+03	60.30	69.54	7.07

500000.0	500000.0	1638364388.3260639	5.550e+04	2.554e+04	2.484e+04	6.255e+04	6.280e+02	2.592e+03	5.151e+03	60.28	69.54	7.16

500000.0	500000.0	1638364389.3727279	5.566e+04	2.558e+04	2.469e+04	6.247e+04	6.311e+02	2.615e+03	5.147e+03	60.28	69.38	7.02

##########################################################_BOMBA_DESLIGADA_###########################################################
1	1	1638364392.364872	5.911e+04	2.624e+04	2.418e+04	6.264e+04	6.503e+02	2.704e+03	5.144e+03	60.44	99.60	9.42

500000.0	1	1638364393.3701136	6.161e+04	2.603e+04	2.417e+04	6.447e+04	6.650e+02	2.754e+03	5.185e+03	60.38	99.52	9.52

500000.0	1	1638364394.3698328	6.335e+04	2.581e+04	2.417e+04	6.570e+04	6.778e+02	2.798e+03	5.224e+03	60.35	99.48	9.69

500000.0	1	1638364395.377151	6.435e+04	2.566e+04	2.413e+04	6.651e+04	6.894e+02	2.843e+03	5.258e+03	60.32	99.56	9.67

500000.0	1	1638364396.3612063	6.495e+04	2.557e+04	2.411e+04	6.715e+04	6.985e+02	2.880e+03	5.283e+03	60.31	99.48	9.71

500000.0	1	1638364397.3647604	6.541e+04	2.553e+04	2.405e+04	6.734e+04	7.081e+02	2.917e+03	5.308e+03	60.28	99.60	9.58

500000.0	1	1638364398.3653703	6.574e+04	2.550e+04	2.397e+04	6.743e+04	7.153e+02	2.955e+03	5.328e+03	60.26	99.64	9.65

500000.0	1	1638364399.3154151	6.603e+04	2.549e+04	2.391e+04	6.762e+04	7.217e+02	2.988e+03	5.344e+03	60.26	99.64	9.57

500000.0	1	1638364400.3614786	6.629e+04	2.546e+04	2.382e+04	6.771e+04	7.282e+02	3.024e+03	5.359e+03	60.25	99.64	9.50

500000.0	1	1638364401.361886	6.659e+04	2.543e+04	2.377e+04	6.752e+04	7.347e+02	3.049e+03	5.376e+03	60.22	99.60	9.46

500000.0	1	1638364402.3568656	6.688e+04	2.541e+04	2.371e+04	6.743e+04	7.399e+02	3.077e+03	5.388e+03	60.22	99.52	9.49

500000.0	1	1638364403.3585649	6.722e+04	2.536e+04	2.366e+04	6.734e+04	7.451e+02	3.106e+03	5.402e+03	60.22	99.56	9.32

500000.0	1	1638364404.3091977	6.753e+04	2.533e+04	2.361e+04	6.706e+04	7.504e+02	3.131e+03	5.414e+03	60.21	99.60	9.30

500000.0	1	1638364405.3568492	6.787e+04	2.528e+04	2.355e+04	6.687e+04	7.556e+02	3.160e+03	5.427e+03	60.20	99.56	9.39

500000.0	1	1638364406.3560257	6.814e+04	2.522e+04	2.351e+04	6.660e+04	7.608e+02	3.180e+03	5.439e+03	60.18	99.56	9.34

500000.0	1	1638364407.3559263	6.853e+04	2.515e+04	2.347e+04	6.642e+04	7.660e+02	3.204e+03	5.450e+03	60.17	99.52	9.32

500000.0	1	1638364408.3078866	6.888e+04	2.509e+04	2.342e+04	6.614e+04	7.706e+02	3.229e+03	5.463e+03	60.18	99.52	9.17

500000.0	1	1638364409.3661222	6.916e+04	2.503e+04	2.340e+04	6.588e+04	7.752e+02	3.248e+03	5.474e+03	60.17	99.60	9.29

500000.0	1	1638364410.3526511	6.948e+04	2.496e+04	2.336e+04	6.588e+04	7.811e+02	3.270e+03	5.485e+03	60.16	99.64	9.33

500000.0	1	1638364411.3022764	6.980e+04	2.487e+04	2.334e+04	6.552e+04	7.850e+02	3.290e+03	5.496e+03	60.17	99.64	9.26

500000.0	1	1638364412.3550146	7.013e+04	2.481e+04	2.329e+04	6.526e+04	7.903e+02	3.311e+03	5.507e+03	60.16	99.56	9.34

500000.0	1	1638364413.350881	7.041e+04	2.472e+04	2.326e+04	6.508e+04	7.949e+02	3.333e+03	5.519e+03	60.16	99.56	9.26

500000.0	1	1638364414.3490722	7.078e+04	2.464e+04	2.320e+04	6.482e+04	8.008e+02	3.358e+03	5.528e+03	60.16	99.56	9.27

500000.0	1	1638364415.3031788	7.099e+04	2.454e+04	2.317e+04	6.447e+04	8.055e+02	3.377e+03	5.540e+03	60.15	99.52	9.17

500000.0	1	1638364416.3455458	7.133e+04	2.446e+04	2.312e+04	6.413e+04	8.101e+02	3.401e+03	5.549e+03	60.15	99.44	9.21

500000.0	1	1638364417.346015	7.162e+04	2.437e+04	2.308e+04	6.413e+04	8.160e+02	3.426e+03	5.561e+03	60.15	99.60	9.08

500000.0	1	1638364418.3382168	7.192e+04	2.428e+04	2.303e+04	6.388e+04	8.206e+02	3.445e+03	5.569e+03	60.13	99.56	9.18

500000.0	1	1638364419.2950935	7.222e+04	2.418e+04	2.299e+04	6.363e+04	8.266e+02	3.468e+03	5.579e+03	60.13	99.56	9.05

500000.0	1	1638364420.3420093	7.252e+04	2.409e+04	2.294e+04	6.346e+04	8.306e+02	3.491e+03	5.590e+03	60.12	99.60	9.27

500000.0	1	1638364421.3361204	7.287e+04	2.399e+04	2.290e+04	6.321e+04	8.359e+02	3.511e+03	5.600e+03	60.13	99.60	9.39

500000.0	1	1638364422.3511305	7.308e+04	2.389e+04	2.284e+04	6.280e+04	8.405e+02	3.538e+03	5.610e+03	60.15	99.60	9.10

500000.0	1	1638364423.34093	7.339e+04	2.379e+04	2.280e+04	6.264e+04	8.452e+02	3.558e+03	5.619e+03	60.15	99.56	9.00

500000.0	1	1638364424.3391469	7.361e+04	2.370e+04	2.275e+04	6.255e+04	8.505e+02	3.582e+03	5.629e+03	60.13	99.68	9.37

500000.0	1	1638364425.3381784	7.392e+04	2.360e+04	2.271e+04	6.231e+04	8.565e+02	3.606e+03	5.637e+03	60.15	99.68	8.95

500000.0	1	1638364426.335537	7.419e+04	2.349e+04	2.266e+04	6.199e+04	8.612e+02	3.629e+03	5.647e+03	60.15	99.52	9.14

500000.0	1	1638364427.2871	7.446e+04	2.339e+04	2.259e+04	6.175e+04	8.665e+02	3.657e+03	5.657e+03	60.15	99.56	9.04

500000.0	1	1638364428.3332837	7.465e+04	2.329e+04	2.255e+04	6.160e+04	8.719e+02	3.681e+03	5.667e+03	60.15	99.48	9.27

500000.0	1	1638364429.33483	7.497e+04	2.319e+04	2.250e+04	6.144e+04	8.772e+02	3.704e+03	5.676e+03	60.13	99.60	9.09

500000.0	1	1638364430.3267522	7.533e+04	2.309e+04	2.243e+04	6.121e+04	8.832e+02	3.734e+03	5.684e+03	60.13	99.52	9.25

500000.0	1	1638364431.3320467	7.557e+04	2.298e+04	2.236e+04	6.105e+04	8.893e+02	3.761e+03	5.696e+03	60.13	99.52	9.11

500000.0	1	1638364432.3301368	7.575e+04	2.288e+04	2.231e+04	6.074e+04	8.940e+02	3.786e+03	5.705e+03	60.15	99.52	9.15

500000.0	1	1638364433.3300376	7.608e+04	2.277e+04	2.225e+04	6.067e+04	9.000e+02	3.813e+03	5.715e+03	60.12	99.52	9.15

500000.0	1	1638364434.3219538	7.632e+04	2.266e+04	2.220e+04	6.059e+04	9.061e+02	3.839e+03	5.723e+03	60.13	99.64	9.05

500000.0	1	1638364435.3290262	7.655e+04	2.256e+04	2.214e+04	6.029e+04	9.114e+02	3.864e+03	5.733e+03	60.15	99.48	9.18

500000.0	1	1638364436.341517	7.674e+04	2.245e+04	2.207e+04	6.021e+04	9.168e+02	3.894e+03	5.743e+03	60.13	99.64	9.11

500000.0	1	1638364437.3265095	7.698e+04	2.235e+04	2.201e+04	6.013e+04	9.229e+02	3.923e+03	5.752e+03	60.13	99.64	9.03

500000.0	1	1638364438.2772288	7.732e+04	2.224e+04	2.195e+04	5.991e+04	9.283e+02	3.950e+03	5.761e+03	60.13	99.64	9.09

500000.0	1	1638364439.3227482	7.747e+04	2.214e+04	2.189e+04	5.976e+04	9.344e+02	3.978e+03	5.771e+03	60.13	99.68	8.97

500000.0	1	1638364440.2807202	7.771e+04	2.203e+04	2.182e+04	5.954e+04	9.398e+02	4.009e+03	5.780e+03	60.13	99.64	9.16

500000.0	1	1638364441.322796	7.796e+04	2.192e+04	2.176e+04	5.932e+04	9.452e+02	4.037e+03	5.788e+03	60.16	99.44	9.16

500000.0	1	1638364442.3110988	7.815e+04	2.182e+04	2.168e+04	5.924e+04	9.520e+02	4.069e+03	5.800e+03	60.15	99.64	9.16

500000.0	1	1638364443.3232586	7.840e+04	2.172e+04	2.161e+04	5.895e+04	9.568e+02	4.102e+03	5.807e+03	60.16	99.56	9.16

500000.0	1	1638364444.2722192	7.880e+04	2.161e+04	2.155e+04	5.895e+04	9.636e+02	4.131e+03	5.818e+03	60.15	99.56	8.93

500000.0	1	1638364445.3195095	7.890e+04	2.150e+04	2.148e+04	5.867e+04	9.690e+02	4.163e+03	5.826e+03	60.16	99.52	8.99

500000.0	1	1638364446.3186924	7.910e+04	2.140e+04	2.141e+04	5.867e+04	9.759e+02	4.193e+03	5.837e+03	60.16	99.56	9.13

500000.0	1	1638364447.270109	7.935e+04	2.129e+04	2.134e+04	5.845e+04	9.827e+02	4.226e+03	5.847e+03	60.16	99.68	9.01

500000.0	1	1638364448.3141203	7.961e+04	2.117e+04	2.128e+04	5.838e+04	9.888e+02	4.257e+03	5.856e+03	60.16	99.56	9.18

500000.0	1	1638364449.3180227	7.971e+04	2.107e+04	2.120e+04	5.824e+04	9.950e+02	4.290e+03	5.865e+03	60.16	99.60	8.95

500000.0	1	1638364450.312594	8.002e+04	2.097e+04	2.113e+04	5.803e+04	1.001e+03	4.324e+03	5.873e+03	60.15	99.64	8.99

500000.0	1	1638364451.310359	8.028e+04	2.085e+04	2.106e+04	5.789e+04	1.007e+03	4.355e+03	5.882e+03	60.17	99.56	9.29

############################################################_BOMBA_LIGADA_############################################################
1	500000.0	1638364457.3064992	8.554e+04	1.888e+04	2.082e+04	5.566e+04	1.075e+03	4.627e+03	6.019e+03	59.62	55.29	6.05

500000.0	500000.0	1638364458.2586405	9.100e+04	1.771e+04	2.069e+04	5.247e+04	1.111e+03	4.802e+03	6.109e+03	59.40	55.13	5.21

500000.0	500000.0	1638364459.3059125	9.604e+04	1.666e+04	2.026e+04	5.078e+04	1.152e+03	5.093e+03	6.207e+03	59.24	55.21	4.81

500000.0	500000.0	1638364460.3053505	9.997e+04	1.578e+04	1.964e+04	4.992e+04	1.194e+03	5.458e+03	6.303e+03	59.09	55.09	4.69

500000.0	500000.0	1638364461.3180058	1.028e+05	1.504e+04	1.893e+04	4.965e+04	1.236e+03	5.863e+03	6.387e+03	58.94	55.13	4.56

500000.0	500000.0	1638364462.2946682	1.049e+05	1.441e+04	1.822e+04	4.944e+04	1.272e+03	6.272e+03	6.458e+03	58.80	55.09	4.53

500000.0	500000.0	1638364463.252885	1.065e+05	1.258e+04	1.759e+04	4.950e+04	1.307e+03	6.664e+03	6.521e+03	58.72	55.13	4.40

500000.0	500000.0	1638364464.2949767	1.077e+05	1.214e+04	1.705e+04	4.960e+04	1.336e+03	7.023e+03	6.574e+03	58.59	55.01	4.39

500000.0	500000.0	1638364465.3162367	1.083e+05	1.175e+04	1.658e+04	4.981e+04	1.363e+03	7.354e+03	6.620e+03	58.51	55.05	4.40

500000.0	500000.0	1638364466.298069	1.093e+05	1.140e+04	1.619e+04	5.002e+04	1.388e+03	7.639e+03	6.659e+03	58.41	55.01	4.31

500000.0	500000.0	1638364467.2951655	1.096e+05	1.109e+04	1.591e+04	5.034e+04	1.409e+03	7.869e+03	6.692e+03	58.34	55.17	4.27

500000.0	500000.0	1638364468.2929344	1.100e+05	1.084e+04	1.571e+04	5.056e+04	1.427e+03	8.048e+03	6.722e+03	58.26	55.13	4.22

500000.0	500000.0	1638364469.2472103	1.102e+05	1.061e+04	1.559e+04	5.083e+04	1.444e+03	8.176e+03	6.745e+03	58.18	54.98	4.39

500000.0	500000.0	1638364470.2945457	1.106e+05	1.039e+04	1.549e+04	5.116e+04	1.460e+03	8.284e+03	6.769e+03	58.14	55.13	4.30

500000.0	500000.0	1638364471.294036	1.107e+05	1.017e+04	1.544e+04	5.144e+04	1.473e+03	8.364e+03	6.789e+03	58.07	55.09	4.30

500000.0	500000.0	1638364472.290417	1.109e+05	9.992e+03	1.542e+04	5.172e+04	1.486e+03	8.430e+03	6.805e+03	58.01	55.21	4.33

500000.0	500000.0	1638364473.2891521	1.110e+05	9.830e+03	1.539e+04	5.183e+04	1.499e+03	8.485e+03	6.822e+03	57.94	55.05	4.17

500000.0	500000.0	1638364474.2499955	1.113e+05	9.682e+03	1.538e+04	5.241e+04	1.510e+03	8.528e+03	6.837e+03	57.89	55.01	4.27

500000.0	500000.0	1638364475.2864347	1.115e+05	9.550e+03	1.539e+04	5.276e+04	1.520e+03	8.558e+03	6.852e+03	57.88	55.13	4.18

500000.0	500000.0	1638364476.2867856	1.115e+05	9.418e+03	1.542e+04	5.299e+04	1.529e+03	8.572e+03	6.863e+03	57.86	55.21	4.10

500000.0	500000.0	1638364477.288072	1.117e+05	9.293e+03	1.546e+04	5.341e+04	1.538e+03	8.578e+03	6.874e+03	57.80	55.05	4.39

500000.0	500000.0	1638364478.238831	1.117e+05	9.177e+03	1.547e+04	5.371e+04	1.546e+03	8.598e+03	6.888e+03	57.75	55.21	4.04

500000.0	500000.0	1638364479.2863536	1.122e+05	9.075e+03	1.548e+04	5.396e+04	1.554e+03	8.628e+03	6.898e+03	57.73	55.09	4.26

500000.0	500000.0	1638364480.2857583	1.129e+05	8.936e+03	1.537e+04	5.433e+04	1.566e+03	8.743e+03	6.917e+03	57.69	55.09	4.37

500000.0	500000.0	1638364481.2354145	1.138e+05	8.813e+03	1.520e+04	5.458e+04	1.578e+03	8.903e+03	6.936e+03	57.66	55.17	4.35

500000.0	500000.0	1638364482.2779238	1.137e+05	8.704e+03	1.506e+04	5.489e+04	1.588e+03	9.022e+03	6.947e+03	57.65	55.09	4.20

500000.0	500000.0	1638364483.2930572	1.132e+05	8.625e+03	1.503e+04	5.521e+04	1.596e+03	9.071e+03	6.956e+03	57.62	55.13	4.06

500000.0	500000.0	1638364484.283746	1.132e+05	8.560e+03	1.506e+04	5.534e+04	1.601e+03	9.059e+03	6.958e+03	57.57	55.01	4.31

500000.0	500000.0	1638364485.2792702	1.130e+05	8.466e+03	1.514e+04	5.579e+04	1.606e+03	9.015e+03	6.963e+03	57.55	55.05	4.17

500000.0	500000.0	1638364486.2288675	1.130e+05	8.358e+03	1.522e+04	5.612e+04	1.610e+03	8.976e+03	6.968e+03	57.53	55.21	4.21

500000.0	500000.0	1638364487.2780266	1.126e+05	8.308e+03	1.529e+04	5.638e+04	1.614e+03	8.941e+03	6.971e+03	57.52	55.13	4.23

500000.0	500000.0	1638364488.2754095	1.130e+05	8.258e+03	1.535e+04	5.672e+04	1.619e+03	8.912e+03	6.975e+03	57.47	55.13	4.21

500000.0	500000.0	1638364489.2710924	1.129e+05	8.208e+03	1.541e+04	5.685e+04	1.622e+03	8.878e+03	6.980e+03	57.45	55.09	4.37

500000.0	500000.0	1638364490.281518	1.128e+05	8.172e+03	1.548e+04	5.713e+04	1.625e+03	8.846e+03	6.983e+03	57.47	55.13	4.23

500000.0	500000.0	1638364491.2849047	1.129e+05	8.115e+03	1.554e+04	5.733e+04	1.628e+03	8.824e+03	6.985e+03	57.44	55.21	4.19

500000.0	500000.0	1638364492.270899	1.128e+05	8.072e+03	1.557e+04	5.761e+04	1.633e+03	8.808e+03	6.989e+03	57.42	55.29	4.03

500000.0	500000.0	1638364493.2698162	1.130e+05	8.029e+03	1.561e+04	5.789e+04	1.637e+03	8.794e+03	6.994e+03	57.39	55.21	4.20

500000.0	500000.0	1638364494.2699645	1.131e+05	7.972e+03	1.563e+04	5.817e+04	1.639e+03	8.792e+03	6.997e+03	57.37	55.05	4.17

500000.0	500000.0	1638364495.2871935	1.132e+05	7.943e+03	1.564e+04	5.845e+04	1.643e+03	8.797e+03	7.002e+03	57.36	55.25	4.17

500000.0	500000.0	1638364496.2828264	1.132e+05	7.915e+03	1.564e+04	5.867e+04	1.645e+03	8.801e+03	7.006e+03	57.37	55.21	4.22

500000.0	500000.0	1638364497.2687626	1.132e+05	7.886e+03	1.566e+04	5.881e+04	1.649e+03	8.801e+03	7.009e+03	57.33	55.13	4.06

500000.0	500000.0	1638364498.266047	1.131e+05	7.865e+03	1.567e+04	5.895e+04	1.651e+03	8.801e+03	7.011e+03	57.35	55.09	4.17

500000.0	500000.0	1638364499.274578	1.132e+05	7.836e+03	1.569e+04	5.932e+04	1.654e+03	8.801e+03	7.014e+03	57.30	55.13	4.14

500000.0	500000.0	1638364500.2634726	1.132e+05	7.829e+03	1.571e+04	5.939e+04	1.656e+03	8.792e+03	7.016e+03	57.32	55.09	4.02

500000.0	500000.0	1638364501.2650566	1.133e+05	7.794e+03	1.572e+04	5.954e+04	1.659e+03	8.790e+03	7.020e+03	57.30	55.13	4.28

500000.0	500000.0	1638364502.2201407	1.133e+05	7.765e+03	1.574e+04	5.984e+04	1.662e+03	8.790e+03	7.021e+03	57.30	55.41	4.15

500000.0	500000.0	1638364503.2620063	1.136e+05	7.744e+03	1.574e+04	6.006e+04	1.665e+03	8.797e+03	7.028e+03	57.29	55.21	4.27

500000.0	500000.0	1638364504.252612	1.137e+05	7.730e+03	1.573e+04	6.029e+04	1.668e+03	8.815e+03	7.032e+03	57.27	55.21	4.20

500000.0	500000.0	1638364505.206649	1.136e+05	7.708e+03	1.571e+04	6.051e+04	1.671e+03	8.833e+03	7.033e+03	57.26	55.17	4.08

500000.0	500000.0	1638364506.256357	1.137e+05	7.701e+03	1.570e+04	6.067e+04	1.673e+03	8.846e+03	7.037e+03	57.24	55.17	4.08

500000.0	500000.0	1638364507.2776577	1.136e+05	7.687e+03	1.570e+04	6.074e+04	1.676e+03	8.860e+03	7.040e+03	57.26	55.17	4.17

500000.0	500000.0	1638364508.2504442	1.137e+05	7.673e+03	1.569e+04	6.082e+04	1.679e+03	8.869e+03	7.044e+03	57.25	55.05	4.25

500000.0	500000.0	1638364509.250996	1.139e+05	7.659e+03	1.568e+04	6.121e+04	1.683e+03	8.885e+03	7.045e+03	57.27	55.17	4.18

500000.0	500000.0	1638364510.2485921	1.140e+05	7.645e+03	1.565e+04	6.144e+04	1.686e+03	8.914e+03	7.051e+03	57.25	55.09	4.31

500000.0	500000.0	1638364511.2107687	1.142e+05	7.623e+03	1.558e+04	6.152e+04	1.690e+03	8.985e+03	7.056e+03	57.25	55.29	4.22

500000.0	500000.0	1638364512.2481244	1.142e+05	7.531e+03	1.550e+04	6.160e+04	1.694e+03	9.040e+03	7.061e+03	57.25	55.13	4.25

500000.0	500000.0	1638364513.2386243	1.143e+05	7.475e+03	1.547e+04	6.175e+04	1.698e+03	9.068e+03	7.063e+03	57.22	55.09	4.21

500000.0	500000.0	1638364514.246811	1.141e+05	7.453e+03	1.547e+04	6.191e+04	1.701e+03	9.075e+03	7.065e+03	57.21	55.01	4.26

500000.0	500000.0	1638364515.2449968	1.141e+05	7.446e+03	1.547e+04	6.215e+04	1.703e+03	9.080e+03	7.068e+03	57.21	55.37	4.29

500000.0	500000.0	1638364516.2421906	1.143e+05	7.446e+03	1.548e+04	6.223e+04	1.705e+03	9.071e+03	7.070e+03	57.19	55.25	4.13

##########################################################_BOMBA_DESLIGADA_###########################################################
#####################################################_CICLO_FINALIZADO_4_DE_5_#####################################################
1	1	1638364579.1851356	1.132e+05	7.305e+03	8.965e+03	7.055e+04	2.517e+03	1.503e+04	7.505e+03	59.87	99.60	6.78

500000.0	1	1638364580.1402216	1.132e+05	7.305e+03	8.910e+03	7.035e+04	2.528e+03	1.512e+04	7.509e+03	59.89	99.44	6.81

500000.0	1	1638364581.181859	1.131e+05	7.305e+03	8.842e+03	7.045e+04	2.540e+03	1.523e+04	7.514e+03	59.89	99.60	6.69

#####################################################_CICLO_INICIADO_5_DE_5_#####################################################
############################################################_BOMBA_LIGADA_############################################################
1	500000.0	1638364587.166916	7.456e+04	7.305e+03	1.473e+04	6.955e+04	1.807e+03	9.628e+03	7.084e+03	59.91	69.77	6.24

500000.0	500000.0	1638364588.132325	5.697e+04	8.265e+03	2.298e+04	6.678e+04	1.123e+03	4.460e+03	6.317e+03	59.99	69.85	6.40

500000.0	500000.0	1638364589.1744561	5.203e+04	1.559e+04	2.668e+04	6.473e+04	8.220e+02	2.997e+03	5.809e+03	60.05	69.66	6.57

500000.0	500000.0	1638364590.1795373	5.065e+04	1.905e+04	2.786e+04	6.363e+04	6.907e+02	2.490e+03	5.524e+03	60.10	69.77	6.72

500000.0	500000.0	1638364591.165249	5.042e+04	2.125e+04	2.813e+04	6.288e+04	6.311e+02	2.282e+03	5.361e+03	60.13	69.77	6.95

500000.0	500000.0	1638364592.1890662	5.072e+04	2.261e+04	2.807e+04	6.255e+04	6.026e+02	2.194e+03	5.267e+03	60.16	70.05	6.97

500000.0	500000.0	1638364593.1664193	5.110e+04	2.352e+04	2.791e+04	6.223e+04	5.887e+02	2.164e+03	5.211e+03	60.17	69.97	7.12

500000.0	500000.0	1638364594.1677716	5.162e+04	2.413e+04	2.764e+04	6.199e+04	5.836e+02	2.169e+03	5.179e+03	60.18	69.93	6.97

500000.0	500000.0	1638364595.1659753	5.205e+04	2.460e+04	2.735e+04	6.191e+04	5.836e+02	2.193e+03	5.155e+03	60.21	70.08	7.18

500000.0	500000.0	1638364596.1890993	5.252e+04	2.493e+04	2.705e+04	6.183e+04	5.862e+02	2.228e+03	5.145e+03	60.23	69.93	7.13

500000.0	500000.0	1638364597.1658978	5.302e+04	2.514e+04	2.675e+04	6.175e+04	5.893e+02	2.268e+03	5.139e+03	60.22	69.89	7.11

500000.0	500000.0	1638364598.1654751	5.342e+04	2.533e+04	2.648e+04	6.183e+04	5.944e+02	2.307e+03	5.136e+03	60.21	69.77	7.25

500000.0	500000.0	1638364599.166508	5.375e+04	2.550e+04	2.621e+04	6.168e+04	5.994e+02	2.348e+03	5.136e+03	60.21	69.77	7.09

500000.0	500000.0	1638364600.1588686	5.399e+04	2.561e+04	2.596e+04	6.191e+04	6.051e+02	2.386e+03	5.136e+03	60.20	70.08	7.10

500000.0	500000.0	1638364601.1609514	5.438e+04	2.573e+04	2.575e+04	6.168e+04	6.102e+02	2.423e+03	5.136e+03	60.21	69.81	7.20

500000.0	500000.0	1638364602.1606643	5.467e+04	2.582e+04	2.555e+04	6.183e+04	6.146e+02	2.457e+03	5.137e+03	60.18	70.16	7.20

500000.0	500000.0	1638364603.1587653	5.483e+04	2.592e+04	2.536e+04	6.175e+04	6.184e+02	2.491e+03	5.137e+03	60.18	70.20	7.06

500000.0	500000.0	1638364604.17452	5.501e+04	2.599e+04	2.519e+04	6.199e+04	6.235e+02	2.522e+03	5.140e+03	60.16	70.20	7.14

500000.0	500000.0	1638364605.1581059	5.517e+04	2.605e+04	2.504e+04	6.191e+04	6.267e+02	2.547e+03	5.140e+03	60.16	70.05	7.13

500000.0	500000.0	1638364606.1154757	5.539e+04	2.606e+04	2.491e+04	6.191e+04	6.305e+02	2.569e+03	5.140e+03	60.15	70.05	7.13

##########################################################_BOMBA_DESLIGADA_###########################################################
1	1	1638364608.1574638	5.723e+04	2.658e+04	2.453e+04	6.090e+04	6.394e+02	2.618e+03	5.124e+03	60.35	99.56	8.60

500000.0	1	1638364609.1566083	6.028e+04	2.634e+04	2.450e+04	6.288e+04	6.554e+02	2.678e+03	5.173e+03	60.27	99.48	9.30

500000.0	1	1638364610.1530616	6.260e+04	2.606e+04	2.450e+04	6.439e+04	6.689e+02	2.726e+03	5.216e+03	60.23	99.44	9.47

500000.0	1	1638364611.1541348	6.403e+04	2.584e+04	2.449e+04	6.570e+04	6.804e+02	2.773e+03	5.254e+03	60.21	99.60	9.75

500000.0	1	1638364612.1521869	6.491e+04	2.570e+04	2.445e+04	6.624e+04	6.914e+02	2.815e+03	5.285e+03	60.17	99.56	9.58

500000.0	1	1638364613.164642	6.545e+04	2.561e+04	2.439e+04	6.669e+04	7.004e+02	2.855e+03	5.312e+03	60.16	99.60	9.56

500000.0	1	1638364614.1470182	6.581e+04	2.556e+04	2.433e+04	6.697e+04	7.088e+02	2.894e+03	5.333e+03	60.13	99.56	9.50

500000.0	1	1638364615.1457517	6.610e+04	2.554e+04	2.426e+04	6.687e+04	7.153e+02	2.929e+03	5.350e+03	60.15	99.48	9.48

500000.0	1	1638364616.147465	6.636e+04	2.550e+04	2.417e+04	6.706e+04	7.224e+02	2.965e+03	5.368e+03	60.12	99.68	9.43

500000.0	1	1638364617.1500332	6.666e+04	2.547e+04	2.410e+04	6.697e+04	7.282e+02	2.996e+03	5.381e+03	60.11	99.48	9.53

500000.0	1	1638364618.151787	6.692e+04	2.543e+04	2.402e+04	6.687e+04	7.341e+02	3.027e+03	5.396e+03	60.12	99.52	9.51

500000.0	1	1638364619.1462815	6.726e+04	2.539e+04	2.396e+04	6.678e+04	7.399e+02	3.059e+03	5.412e+03	60.11	99.56	9.36

500000.0	1	1638364620.1473033	6.753e+04	2.534e+04	2.389e+04	6.678e+04	7.451e+02	3.086e+03	5.424e+03	60.09	99.68	9.22

500000.0	1	1638364621.1434355	6.791e+04	2.529e+04	2.384e+04	6.651e+04	7.504e+02	3.111e+03	5.436e+03	60.07	99.60	9.29

500000.0	1	1638364622.1443975	6.834e+04	2.523e+04	2.379e+04	6.614e+04	7.556e+02	3.135e+03	5.448e+03	60.06	99.60	9.25

500000.0	1	1638364623.151466	6.861e+04	2.516e+04	2.374e+04	6.605e+04	7.608e+02	3.159e+03	5.460e+03	60.06	99.60	9.25

500000.0	1	1638364624.140893	6.884e+04	2.509e+04	2.370e+04	6.588e+04	7.647e+02	3.184e+03	5.471e+03	60.07	99.64	9.40

500000.0	1	1638364625.1377723	6.924e+04	2.503e+04	2.366e+04	6.552e+04	7.700e+02	3.204e+03	5.484e+03	60.05	99.52	9.25

500000.0	1	1638364626.1371934	6.960e+04	2.495e+04	2.362e+04	6.526e+04	7.746e+02	3.227e+03	5.493e+03	60.06	99.48	9.20

500000.0	1	1638364627.134044	6.984e+04	2.487e+04	2.358e+04	6.499e+04	7.798e+02	3.250e+03	5.505e+03	60.06	99.60	9.20

500000.0	1	1638364628.133388	7.017e+04	2.478e+04	2.355e+04	6.482e+04	7.844e+02	3.271e+03	5.517e+03	60.06	99.60	9.33

500000.0	1	1638364629.134309	7.050e+04	2.469e+04	2.351e+04	6.456e+04	7.890e+02	3.293e+03	5.527e+03	60.07	99.60	9.11

500000.0	1	1638364630.1332004	7.074e+04	2.462e+04	2.346e+04	6.430e+04	7.943e+02	3.314e+03	5.538e+03	60.05	99.60	9.22

500000.0	1	1638364631.1336255	7.116e+04	2.453e+04	2.343e+04	6.396e+04	7.989e+02	3.333e+03	5.548e+03	60.05	99.48	9.03

500000.0	1	1638364632.1305408	7.145e+04	2.444e+04	2.340e+04	6.379e+04	8.035e+02	3.354e+03	5.559e+03	60.05	99.48	9.21

500000.0	1	1638364633.148349	7.175e+04	2.434e+04	2.335e+04	6.363e+04	8.088e+02	3.377e+03	5.571e+03	60.05	99.56	9.17

500000.0	1	1638364634.1307065	7.200e+04	2.425e+04	2.331e+04	6.329e+04	8.140e+02	3.397e+03	5.579e+03	60.06	99.56	9.12

500000.0	1	1638364635.0787606	7.230e+04	2.415e+04	2.327e+04	6.304e+04	8.187e+02	3.419e+03	5.589e+03	60.05	99.60	9.10

500000.0	1	1638364636.1270523	7.265e+04	2.405e+04	2.322e+04	6.280e+04	8.240e+02	3.440e+03	5.600e+03	60.05	99.64	9.03

500000.0	1	1638364637.126434	7.291e+04	2.397e+04	2.318e+04	6.264e+04	8.286e+02	3.463e+03	5.609e+03	60.05	99.60	9.11

500000.0	1	1638364638.1262167	7.322e+04	2.386e+04	2.313e+04	6.247e+04	8.339e+02	3.487e+03	5.619e+03	60.04	99.64	9.09

500000.0	1	1638364639.1223905	7.357e+04	2.375e+04	2.309e+04	6.215e+04	8.392e+02	3.507e+03	5.627e+03	60.06	99.44	9.14

500000.0	1	1638364640.1223392	7.388e+04	2.366e+04	2.304e+04	6.191e+04	8.445e+02	3.530e+03	5.639e+03	60.02	99.48	9.08

500000.0	1	1638364641.1234722	7.401e+04	2.356e+04	2.299e+04	6.175e+04	8.485e+02	3.555e+03	5.649e+03	60.05	99.56	9.22

500000.0	1	1638364642.133099	7.428e+04	2.345e+04	2.294e+04	6.152e+04	8.545e+02	3.578e+03	5.657e+03	60.04	99.48	9.08

500000.0	1	1638364643.121106	7.460e+04	2.336e+04	2.289e+04	6.136e+04	8.598e+02	3.602e+03	5.667e+03	60.05	99.56	9.07

500000.0	1	1638364644.1238966	7.492e+04	2.325e+04	2.283e+04	6.121e+04	8.658e+02	3.628e+03	5.676e+03	60.02	99.60	9.11

500000.0	1	1638364645.1178482	7.515e+04	2.314e+04	2.279e+04	6.097e+04	8.698e+02	3.652e+03	5.686e+03	60.05	99.60	9.19

500000.0	1	1638364646.1145272	7.543e+04	2.304e+04	2.272e+04	6.090e+04	8.759e+02	3.676e+03	5.697e+03	60.02	99.60	9.06

500000.0	1	1638364647.119942	7.566e+04	2.293e+04	2.267e+04	6.051e+04	8.805e+02	3.701e+03	5.705e+03	60.05	99.52	9.06

500000.0	1	1638364648.1178358	7.599e+04	2.283e+04	2.262e+04	6.029e+04	8.866e+02	3.727e+03	5.713e+03	60.05	99.48	9.19

500000.0	1	1638364649.1134033	7.622e+04	2.273e+04	2.256e+04	6.021e+04	8.919e+02	3.754e+03	5.723e+03	60.05	99.40	9.12

500000.0	1	1638364650.1111705	7.641e+04	2.262e+04	2.249e+04	6.013e+04	8.980e+02	3.781e+03	5.733e+03	60.04	99.60	8.89

500000.0	1	1638364651.1107898	7.670e+04	2.253e+04	2.243e+04	5.991e+04	9.027e+02	3.808e+03	5.743e+03	60.04	99.56	9.14

500000.0	1	1638364652.1120183	7.708e+04	2.241e+04	2.237e+04	5.969e+04	9.094e+02	3.834e+03	5.752e+03	60.04	99.44	8.91

500000.0	1	1638364653.0651326	7.718e+04	2.231e+04	2.231e+04	5.954e+04	9.141e+02	3.862e+03	5.762e+03	60.05	99.60	8.90

500000.0	1	1638364654.1082013	7.742e+04	2.220e+04	2.225e+04	5.932e+04	9.195e+02	3.890e+03	5.771e+03	60.06	99.60	8.80

500000.0	1	1638364655.108559	7.776e+04	2.209e+04	2.219e+04	5.910e+04	9.256e+02	3.916e+03	5.780e+03	60.05	99.52	9.00

500000.0	1	1638364656.106051	7.796e+04	2.199e+04	2.213e+04	5.903e+04	9.310e+02	3.946e+03	5.788e+03	60.06	99.52	9.15

500000.0	1	1638364657.106109	7.820e+04	2.187e+04	2.205e+04	5.888e+04	9.358e+02	3.975e+03	5.799e+03	60.06	99.60	9.01

500000.0	1	1638364658.1059558	7.845e+04	2.177e+04	2.198e+04	5.874e+04	9.425e+02	4.006e+03	5.807e+03	60.06	99.48	8.87

500000.0	1	1638364659.1139674	7.875e+04	2.166e+04	2.193e+04	5.845e+04	9.486e+02	4.034e+03	5.818e+03	60.06	99.52	8.87

500000.0	1	1638364660.1026247	7.900e+04	2.154e+04	2.185e+04	5.838e+04	9.547e+02	4.066e+03	5.826e+03	60.06	99.48	8.93

500000.0	1	1638364661.1024945	7.915e+04	2.144e+04	2.179e+04	5.831e+04	9.602e+02	4.096e+03	5.835e+03	60.07	99.56	9.18

500000.0	1	1638364662.0564528	7.935e+04	2.133e+04	2.172e+04	5.803e+04	9.656e+02	4.125e+03	5.845e+03	60.07	99.48	9.17

500000.0	1	1638364663.0949829	7.956e+04	2.123e+04	2.165e+04	5.803e+04	9.731e+02	4.158e+03	5.857e+03	60.06	99.60	8.68

500000.0	1	1638364664.0954964	7.981e+04	2.112e+04	2.158e+04	5.789e+04	9.786e+02	4.189e+03	5.865e+03	60.07	99.64	9.03

500000.0	1	1638364665.0936973	8.002e+04	2.101e+04	2.151e+04	5.775e+04	9.847e+02	4.222e+03	5.873e+03	60.07	99.60	8.82

500000.0	1	1638364666.094923	8.028e+04	2.091e+04	2.144e+04	5.754e+04	9.909e+02	4.253e+03	5.884e+03	60.07	99.44	8.97

500000.0	1	1638364667.0955906	8.054e+04	2.080e+04	2.136e+04	5.740e+04	9.977e+02	4.287e+03	5.893e+03	60.07	99.60	8.85

500000.0	1	1638364668.0905392	8.069e+04	2.069e+04	2.128e+04	5.726e+04	1.004e+03	4.320e+03	5.902e+03	60.09	99.48	8.96

############################################################_BOMBA_LIGADA_############################################################
1	500000.0	1638364673.0900986	8.366e+04	1.933e+04	2.109e+04	5.699e+04	1.054e+03	4.532e+03	6.004e+03	59.71	55.87	6.57

500000.0	500000.0	1638364674.089629	8.822e+04	1.819e+04	2.107e+04	5.311e+04	1.081e+03	4.632e+03	6.071e+03	59.48	55.13	5.58

500000.0	500000.0	1638364675.0886075	9.339e+04	1.713e+04	2.080e+04	5.067e+04	1.116e+03	4.853e+03	6.162e+03	59.31	55.05	4.96

500000.0	500000.0	1638364676.089945	9.764e+04	1.622e+04	2.031e+04	4.950e+04	1.154e+03	5.157e+03	6.257e+03	59.14	55.05	4.77

500000.0	500000.0	1638364677.0491807	1.007e+05	1.546e+04	1.968e+04	4.903e+04	1.191e+03	5.506e+03	6.341e+03	58.98	55.05	4.55

500000.0	500000.0	1638364678.0879014	1.030e+05	1.484e+04	1.903e+04	4.888e+04	1.225e+03	5.873e+03	6.412e+03	58.85	55.25	4.59

500000.0	500000.0	1638364679.0856574	1.045e+05	1.321e+04	1.843e+04	4.883e+04	1.256e+03	6.226e+03	6.478e+03	58.74	55.21	4.46

500000.0	500000.0	1638364680.1028583	1.058e+05	1.259e+04	1.788e+04	4.893e+04	1.284e+03	6.559e+03	6.532e+03	58.62	55.09	4.37

500000.0	500000.0	1638364681.0819352	1.068e+05	1.221e+04	1.740e+04	4.908e+04	1.308e+03	6.854e+03	6.576e+03	58.49	55.13	4.55

500000.0	500000.0	1638364682.085902	1.071e+05	1.187e+04	1.704e+04	4.924e+04	1.329e+03	7.110e+03	6.612e+03	58.46	55.09	4.43

500000.0	500000.0	1638364683.0800288	1.078e+05	1.157e+04	1.676e+04	4.955e+04	1.349e+03	7.318e+03	6.648e+03	58.36	55.05	4.21

500000.0	500000.0	1638364684.0790296	1.080e+05	1.130e+04	1.656e+04	4.976e+04	1.367e+03	7.481e+03	6.676e+03	58.28	55.17	4.46

500000.0	500000.0	1638364685.0788462	1.083e+05	1.104e+04	1.642e+04	4.997e+04	1.383e+03	7.616e+03	6.699e+03	58.22	55.13	4.56

500000.0	500000.0	1638364686.078309	1.088e+05	1.080e+04	1.626e+04	5.029e+04	1.400e+03	7.762e+03	6.725e+03	58.13	55.21	4.44

500000.0	500000.0	1638364687.0843375	1.095e+05	1.056e+04	1.599e+04	5.061e+04	1.419e+03	7.974e+03	6.757e+03	58.06	55.25	4.28

500000.0	500000.0	1638364688.0741131	1.097e+05	1.036e+04	1.576e+04	5.094e+04	1.435e+03	8.158e+03	6.780e+03	57.99	55.13	4.39

500000.0	500000.0	1638364689.072861	1.098e+05	1.020e+04	1.566e+04	5.122e+04	1.447e+03	8.259e+03	6.799e+03	57.92	55.17	4.51

500000.0	500000.0	1638364690.0707273	1.097e+05	1.004e+04	1.567e+04	5.150e+04	1.456e+03	8.284e+03	6.810e+03	57.86	55.29	4.36

500000.0	500000.0	1638364691.0703008	1.096e+05	9.918e+03	1.574e+04	5.183e+04	1.465e+03	8.269e+03	6.819e+03	57.84	55.21	4.46

500000.0	500000.0	1638364692.0745287	1.098e+05	9.800e+03	1.581e+04	5.218e+04	1.473e+03	8.255e+03	6.831e+03	57.78	55.13	4.39

500000.0	500000.0	1638364693.0697997	1.099e+05	9.690e+03	1.589e+04	5.241e+04	1.479e+03	8.236e+03	6.841e+03	57.74	55.17	4.38

500000.0	500000.0	1638364694.0658953	1.098e+05	9.587e+03	1.595e+04	5.264e+04	1.485e+03	8.224e+03	6.849e+03	57.75	55.21	4.44

500000.0	500000.0	1638364695.065636	1.099e+05	9.499e+03	1.601e+04	5.282e+04	1.490e+03	8.209e+03	6.858e+03	57.71	55.09	4.55

500000.0	500000.0	1638364696.020464	1.100e+05	9.403e+03	1.607e+04	5.329e+04	1.495e+03	8.189e+03	6.866e+03	57.67	55.13	4.35

500000.0	500000.0	1638364697.0675528	1.098e+05	9.308e+03	1.614e+04	5.353e+04	1.501e+03	8.170e+03	6.871e+03	57.63	55.17	4.26

500000.0	500000.0	1638364698.018444	1.100e+05	9.242e+03	1.620e+04	5.384e+04	1.505e+03	8.146e+03	6.878e+03	57.58	55.13	4.27

500000.0	500000.0	1638364699.0615494	1.101e+05	9.169e+03	1.627e+04	5.408e+04	1.510e+03	8.123e+03	6.881e+03	57.56	55.09	4.23

500000.0	500000.0	1638364700.0593264	1.100e+05	9.082e+03	1.631e+04	5.433e+04	1.514e+03	8.115e+03	6.888e+03	57.56	55.09	4.40

500000.0	500000.0	1638364701.0600164	1.101e+05	9.024e+03	1.635e+04	5.458e+04	1.519e+03	8.109e+03	6.895e+03	57.55	55.25	4.37

500000.0	500000.0	1638364702.0586426	1.102e+05	8.944e+03	1.636e+04	5.496e+04	1.523e+03	8.111e+03	6.902e+03	57.50	55.21	4.32

500000.0	500000.0	1638364703.0584586	1.102e+05	8.886e+03	1.639e+04	5.515e+04	1.527e+03	8.109e+03	6.905e+03	57.49	55.17	4.21

500000.0	500000.0	1638364704.05888	1.104e+05	8.813e+03	1.641e+04	5.547e+04	1.531e+03	8.111e+03	6.910e+03	57.47	55.33	4.27

500000.0	500000.0	1638364705.0581126	1.103e+05	8.770e+03	1.644e+04	5.566e+04	1.535e+03	8.107e+03	6.915e+03	57.43	55.21	4.31

500000.0	500000.0	1638364706.055274	1.104e+05	8.704e+03	1.646e+04	5.599e+04	1.538e+03	8.107e+03	6.919e+03	57.42	55.29	4.32

500000.0	500000.0	1638364707.0067105	1.104e+05	8.639e+03	1.645e+04	5.619e+04	1.542e+03	8.127e+03	6.929e+03	57.41	55.33	4.40

500000.0	500000.0	1638364708.047497	1.108e+05	8.560e+03	1.628e+04	5.645e+04	1.550e+03	8.257e+03	6.941e+03	57.37	55.21	4.31

500000.0	500000.0	1638364709.0536501	1.112e+05	8.466e+03	1.611e+04	5.658e+04	1.559e+03	8.381e+03	6.953e+03	57.37	55.25	4.27

500000.0	500000.0	1638364710.0562983	1.110e+05	8.373e+03	1.604e+04	5.679e+04	1.564e+03	8.440e+03	6.956e+03	57.36	55.25	4.30

500000.0	500000.0	1638364711.0500364	1.109e+05	8.337e+03	1.604e+04	5.713e+04	1.567e+03	8.442e+03	6.959e+03	57.35	55.17	4.34

500000.0	500000.0	1638364712.047215	1.108e+05	8.301e+03	1.609e+04	5.726e+04	1.569e+03	8.419e+03	6.959e+03	57.34	55.33	4.39

500000.0	500000.0	1638364713.0467753	1.108e+05	8.272e+03	1.615e+04	5.754e+04	1.571e+03	8.383e+03	6.963e+03	57.29	55.29	4.33

500000.0	500000.0	1638364714.0051677	1.108e+05	8.236e+03	1.621e+04	5.768e+04	1.573e+03	8.349e+03	6.963e+03	57.28	55.17	4.35

500000.0	500000.0	1638364715.0481617	1.109e+05	8.208e+03	1.627e+04	5.796e+04	1.575e+03	8.322e+03	6.966e+03	57.27	55.21	4.28

500000.0	500000.0	1638364715.9966197	1.104e+05	8.172e+03	1.631e+04	5.817e+04	1.577e+03	8.305e+03	6.966e+03	57.28	55.25	4.34

500000.0	500000.0	1638364716.9922924	1.109e+05	8.158e+03	1.635e+04	5.831e+04	1.578e+03	8.280e+03	6.968e+03	57.27	55.13	4.28

500000.0	500000.0	1638364718.0469491	1.108e+05	8.122e+03	1.640e+04	5.845e+04	1.580e+03	8.259e+03	6.971e+03	57.24	55.37	4.28

500000.0	500000.0	1638364719.045668	1.108e+05	8.107e+03	1.643e+04	5.867e+04	1.582e+03	8.240e+03	6.970e+03	57.24	55.13	4.37

500000.0	500000.0	1638364720.0456567	1.108e+05	8.072e+03	1.646e+04	5.888e+04	1.583e+03	8.236e+03	6.973e+03	57.21	55.29	4.28

500000.0	500000.0	1638364721.0426655	1.108e+05	8.043e+03	1.648e+04	5.924e+04	1.584e+03	8.230e+03	6.977e+03	57.20	55.29	4.21

500000.0	500000.0	1638364722.0412276	1.107e+05	8.015e+03	1.650e+04	5.910e+04	1.585e+03	8.224e+03	6.978e+03	57.22	55.25	4.28

500000.0	500000.0	1638364722.998083	1.110e+05	7.972e+03	1.651e+04	5.946e+04	1.588e+03	8.220e+03	6.982e+03	57.20	55.29	4.28

500000.0	500000.0	1638364724.0387206	1.108e+05	7.957e+03	1.651e+04	5.954e+04	1.590e+03	8.226e+03	6.982e+03	57.21	55.13	4.48

500000.0	500000.0	1638364724.989944	1.110e+05	7.929e+03	1.651e+04	5.976e+04	1.594e+03	8.240e+03	6.987e+03	57.18	55.21	4.32

500000.0	500000.0	1638364726.0379415	1.109e+05	7.908e+03	1.649e+04	5.969e+04	1.597e+03	8.253e+03	6.989e+03	57.20	55.25	4.47

500000.0	500000.0	1638364727.036973	1.109e+05	7.879e+03	1.646e+04	6.013e+04	1.600e+03	8.272e+03	6.992e+03	57.17	55.25	4.46

500000.0	500000.0	1638364728.0384402	1.110e+05	7.858e+03	1.645e+04	6.013e+04	1.603e+03	8.290e+03	6.995e+03	57.19	55.13	4.41

500000.0	500000.0	1638364729.0338826	1.110e+05	7.843e+03	1.643e+04	6.021e+04	1.605e+03	8.311e+03	6.999e+03	57.14	55.09	4.41

500000.0	500000.0	1638364730.031918	1.109e+05	7.822e+03	1.641e+04	6.044e+04	1.610e+03	8.330e+03	7.001e+03	57.16	55.33	4.34

500000.0	500000.0	1638364731.030258	1.111e+05	7.794e+03	1.638e+04	6.067e+04	1.612e+03	8.345e+03	7.001e+03	57.17	55.37	4.34

500000.0	500000.0	1638364732.0293071	1.112e+05	7.772e+03	1.637e+04	6.082e+04	1.615e+03	8.362e+03	7.006e+03	57.16	55.17	4.34

##########################################################_BOMBA_DESLIGADA_###########################################################
#####################################################_CICLO_FINALIZADO_5_DE_5_#####################################################
