1	1	1638296973.8108246	1.070e+05	7.305e+03	6.009e+03	6.121e+04	3.981e+03	3.002e+04	7.824e+03	62.06	99.21	7.35

500000.0	1	1638296974.872155	1.071e+05	7.305e+03	6.003e+03	6.136e+04	3.986e+03	3.008e+04	7.824e+03	62.06	99.17	7.11

500000.0	1	1638296975.8699207	1.070e+05	7.305e+03	6.003e+03	6.128e+04	3.987e+03	3.012e+04	7.827e+03	62.06	99.25	6.92

#####################################################_CICLO_INICIADO_1_DE_5_#####################################################
############################################################_BOMBA_LIGADA_############################################################
1	500000.0	1638296981.8158076	8.531e+04	7.305e+03	6.603e+03	5.991e+04	3.268e+03	1.934e+04	7.622e+03	62.04	69.23	6.52

500000.0	500000.0	1638296982.8088582	7.239e+04	7.305e+03	1.556e+04	5.706e+04	2.427e+03	9.425e+03	7.219e+03	62.11	68.87	6.57

500000.0	500000.0	1638296984.8185177	6.636e+04	7.305e+03	2.281e+04	5.439e+04	1.597e+03	4.887e+03	6.578e+03	62.18	69.03	6.99

500000.0	500000.0	1638296986.8570414	6.681e+04	9.104e+03	2.414e+04	5.353e+04	1.320e+03	4.137e+03	6.300e+03	62.23	69.03	7.04

500000.0	500000.0	1638296987.8083797	6.722e+04	1.010e+04	2.413e+04	5.329e+04	1.251e+03	4.035e+03	6.221e+03	62.26	69.03	7.01

500000.0	500000.0	1638296988.856134	6.745e+04	1.087e+04	2.396e+04	5.323e+04	1.204e+03	4.004e+03	6.165e+03	62.24	69.26	7.10

500000.0	500000.0	1638296989.8576574	6.783e+04	1.147e+04	2.370e+04	5.317e+04	1.171e+03	4.008e+03	6.119e+03	62.27	69.07	6.98

500000.0	500000.0	1638296990.8026338	6.822e+04	1.195e+04	2.341e+04	5.299e+04	1.144e+03	4.025e+03	6.083e+03	62.27	69.19	7.15

500000.0	500000.0	1638296991.8024478	6.837e+04	1.234e+04	2.315e+04	5.317e+04	1.128e+03	4.055e+03	6.054e+03	62.28	69.03	7.11

500000.0	500000.0	1638296992.8139734	6.857e+04	1.266e+04	2.290e+04	5.317e+04	1.112e+03	4.082e+03	6.033e+03	62.27	69.23	7.06

500000.0	500000.0	1638296993.8183875	6.884e+04	1.455e+04	2.268e+04	5.311e+04	1.100e+03	4.109e+03	6.009e+03	62.26	69.11	7.09

500000.0	500000.0	1638296995.8469238	6.896e+04	1.508e+04	2.229e+04	5.335e+04	1.081e+03	4.158e+03	5.973e+03	62.27	69.34	6.89

500000.0	500000.0	1638296996.8497794	6.908e+04	1.531e+04	2.215e+04	5.335e+04	1.073e+03	4.173e+03	5.956e+03	62.23	69.07	6.88

500000.0	500000.0	1638296999.7921138	6.920e+04	1.590e+04	2.180e+04	5.365e+04	1.055e+03	4.214e+03	5.925e+03	62.22	69.19	7.04

500000.0	500000.0	1638297000.8056617	6.920e+04	1.605e+04	2.172e+04	5.371e+04	1.051e+03	4.222e+03	5.913e+03	62.19	69.26	6.99

##########################################################_BOMBA_DESLIGADA_###########################################################
1	1	1638297003.8368154	7.141e+04	1.682e+04	2.140e+04	5.464e+04	1.049e+03	4.288e+03	5.900e+03	62.32	99.17	9.08

500000.0	1	1638297004.7911003	7.375e+04	1.677e+04	2.129e+04	5.652e+04	1.061e+03	4.363e+03	5.931e+03	62.27	99.25	9.33

500000.0	1	1638297005.7872925	7.487e+04	1.670e+04	2.119e+04	5.740e+04	1.074e+03	4.429e+03	5.956e+03	62.24	99.25	9.54

500000.0	1	1638297006.8053136	7.571e+04	1.665e+04	2.109e+04	5.817e+04	1.085e+03	4.497e+03	5.980e+03	62.22	99.25	9.39

500000.0	1	1638297007.8353422	7.636e+04	1.662e+04	2.097e+04	5.874e+04	1.097e+03	4.563e+03	6.004e+03	62.20	99.25	9.36

500000.0	1	1638297008.7998998	7.674e+04	1.664e+04	2.086e+04	5.903e+04	1.106e+03	4.627e+03	6.024e+03	62.16	99.17	9.38

500000.0	1	1638297009.7990732	7.703e+04	1.662e+04	2.074e+04	5.924e+04	1.115e+03	4.688e+03	6.042e+03	62.16	99.37	9.23

500000.0	1	1638297010.8301947	7.722e+04	1.664e+04	2.063e+04	5.932e+04	1.125e+03	4.746e+03	6.060e+03	62.14	99.37	9.26

500000.0	1	1638297011.7848954	7.761e+04	1.663e+04	2.052e+04	5.939e+04	1.130e+03	4.797e+03	6.072e+03	62.12	99.17	9.15

500000.0	1	1638297012.7986488	7.786e+04	1.663e+04	2.042e+04	5.954e+04	1.139e+03	4.853e+03	6.092e+03	62.11	99.33	9.23

500000.0	1	1638297013.776144	7.815e+04	1.659e+04	2.033e+04	5.924e+04	1.144e+03	4.903e+03	6.104e+03	62.10	99.21	9.07

500000.0	1	1638297014.7958305	7.840e+04	1.659e+04	2.025e+04	5.939e+04	1.153e+03	4.950e+03	6.116e+03	62.08	99.29	9.19

500000.0	1	1638297015.8235729	7.885e+04	1.657e+04	2.017e+04	5.932e+04	1.157e+03	4.999e+03	6.132e+03	62.10	99.25	9.21

500000.0	1	1638297016.7878156	7.895e+04	1.653e+04	2.010e+04	5.910e+04	1.168e+03	5.039e+03	6.142e+03	62.07	99.25	9.24

500000.0	1	1638297017.8223665	7.920e+04	1.650e+04	2.003e+04	5.917e+04	1.173e+03	5.081e+03	6.158e+03	62.06	99.29	9.10

500000.0	1	1638297018.8267243	7.966e+04	1.644e+04	1.997e+04	5.903e+04	1.179e+03	5.119e+03	6.170e+03	62.04	99.25	9.16

500000.0	1	1638297019.8226361	7.971e+04	1.642e+04	1.991e+04	5.888e+04	1.184e+03	5.163e+03	6.182e+03	62.04	99.33	9.06

500000.0	1	1638297020.7766664	8.002e+04	1.635e+04	1.984e+04	5.874e+04	1.191e+03	5.200e+03	6.195e+03	62.04	99.21	9.06

500000.0	1	1638297021.7879255	8.033e+04	1.629e+04	1.979e+04	5.867e+04	1.198e+03	5.241e+03	6.207e+03	62.06	99.21	9.00

500000.0	1	1638297022.7765	8.054e+04	1.626e+04	1.974e+04	5.867e+04	1.203e+03	5.278e+03	6.218e+03	62.04	99.17	9.03

500000.0	1	1638297023.783464	8.080e+04	1.618e+04	1.969e+04	5.838e+04	1.212e+03	5.317e+03	6.227e+03	62.03	99.33	9.02

500000.0	1	1638297024.8198102	8.101e+04	1.612e+04	1.964e+04	5.824e+04	1.217e+03	5.352e+03	6.239e+03	62.03	99.17	9.05

500000.0	1	1638297025.7847152	8.143e+04	1.607e+04	1.958e+04	5.810e+04	1.225e+03	5.390e+03	6.249e+03	62.02	99.21	8.98

500000.0	1	1638297026.7632003	8.143e+04	1.600e+04	1.952e+04	5.796e+04	1.231e+03	5.429e+03	6.261e+03	62.03	99.21	9.06

500000.0	1	1638297027.7808607	8.164e+04	1.592e+04	1.946e+04	5.782e+04	1.238e+03	5.467e+03	6.275e+03	62.03	99.21	9.06

500000.0	1	1638297028.7705562	8.207e+04	1.586e+04	1.942e+04	5.782e+04	1.243e+03	5.505e+03	6.285e+03	62.03	99.33	8.85

500000.0	1	1638297029.8288212	8.223e+04	1.578e+04	1.935e+04	5.747e+04	1.251e+03	5.541e+03	6.295e+03	62.02	99.13	8.94

500000.0	1	1638297030.7637205	8.250e+04	1.571e+04	1.930e+04	5.740e+04	1.257e+03	5.579e+03	6.306e+03	62.02	99.09	9.09

500000.0	1	1638297031.7696335	8.256e+04	1.564e+04	1.923e+04	5.740e+04	1.264e+03	5.620e+03	6.316e+03	62.00	99.25	8.98

500000.0	1	1638297032.8102083	8.289e+04	1.556e+04	1.918e+04	5.726e+04	1.270e+03	5.659e+03	6.324e+03	62.00	99.29	8.83

500000.0	1	1638297033.809768	8.311e+04	1.548e+04	1.912e+04	5.706e+04	1.278e+03	5.698e+03	6.333e+03	62.00	99.09	8.84

500000.0	1	1638297034.7697349	8.344e+04	1.542e+04	1.906e+04	5.699e+04	1.285e+03	5.738e+03	6.346e+03	61.99	99.33	8.97

500000.0	1	1638297035.773415	8.355e+04	1.535e+04	1.899e+04	5.672e+04	1.293e+03	5.778e+03	6.355e+03	61.99	99.21	8.78

500000.0	1	1638297036.7939205	8.388e+04	1.525e+04	1.894e+04	5.665e+04	1.299e+03	5.819e+03	6.363e+03	62.00	99.29	9.02

500000.0	1	1638297037.804482	8.383e+04	1.518e+04	1.887e+04	5.665e+04	1.306e+03	5.861e+03	6.373e+03	61.99	99.29	8.76

500000.0	1	1638297038.7592902	8.416e+04	1.511e+04	1.880e+04	5.652e+04	1.314e+03	5.900e+03	6.382e+03	61.99	99.17	8.83

500000.0	1	1638297039.770347	8.405e+04	1.504e+04	1.874e+04	5.632e+04	1.322e+03	5.945e+03	6.392e+03	62.00	99.29	8.96

500000.0	1	1638297040.7686102	8.456e+04	1.496e+04	1.868e+04	5.625e+04	1.328e+03	5.986e+03	6.401e+03	62.00	99.21	8.84

500000.0	1	1638297041.7642388	8.462e+04	1.488e+04	1.860e+04	5.625e+04	1.338e+03	6.028e+03	6.412e+03	61.99	99.29	8.85

500000.0	1	1638297042.7547448	8.490e+04	1.482e+04	1.853e+04	5.605e+04	1.344e+03	6.071e+03	6.420e+03	61.99	99.17	8.77

500000.0	1	1638297043.7641323	8.485e+04	1.472e+04	1.846e+04	5.605e+04	1.352e+03	6.116e+03	6.431e+03	61.99	99.29	8.86

500000.0	1	1638297044.7597067	8.508e+04	1.465e+04	1.840e+04	5.579e+04	1.360e+03	6.161e+03	6.434e+03	62.00	99.13	8.89

500000.0	1	1638297045.745527	8.531e+04	1.456e+04	1.834e+04	5.579e+04	1.367e+03	6.205e+03	6.444e+03	62.00	99.25	8.91

500000.0	1	1638297046.8117542	8.536e+04	1.448e+04	1.825e+04	5.566e+04	1.377e+03	6.253e+03	6.455e+03	61.99	99.37	8.86

500000.0	1	1638297047.74882	8.577e+04	1.440e+04	1.817e+04	5.547e+04	1.383e+03	6.298e+03	6.460e+03	62.00	99.13	8.86

500000.0	1	1638297048.748311	8.589e+04	1.390e+04	1.810e+04	5.540e+04	1.391e+03	6.346e+03	6.473e+03	61.99	99.13	8.83

500000.0	1	1638297049.7591891	8.624e+04	1.256e+04	1.802e+04	5.534e+04	1.399e+03	6.396e+03	6.481e+03	61.99	99.37	8.92

500000.0	1	1638297050.7404492	8.630e+04	1.249e+04	1.795e+04	5.534e+04	1.407e+03	6.440e+03	6.487e+03	61.99	99.33	8.81

500000.0	1	1638297051.7439668	8.636e+04	1.242e+04	1.787e+04	5.521e+04	1.415e+03	6.489e+03	6.497e+03	61.98	99.29	8.76

500000.0	1	1638297052.7440908	8.636e+04	1.235e+04	1.779e+04	5.508e+04	1.423e+03	6.538e+03	6.503e+03	62.00	99.25	8.84

500000.0	1	1638297053.7418857	8.665e+04	1.227e+04	1.772e+04	5.508e+04	1.431e+03	6.588e+03	6.513e+03	62.00	99.25	8.81

500000.0	1	1638297054.7416465	8.665e+04	1.221e+04	1.765e+04	5.489e+04	1.437e+03	6.641e+03	6.523e+03	62.00	99.29	8.78

500000.0	1	1638297055.744006	8.695e+04	1.213e+04	1.757e+04	5.483e+04	1.447e+03	6.686e+03	6.529e+03	61.99	99.17	8.91

500000.0	1	1638297056.7397597	8.689e+04	1.207e+04	1.749e+04	5.477e+04	1.455e+03	6.742e+03	6.537e+03	61.99	99.29	8.82

500000.0	1	1638297057.748085	8.713e+04	1.198e+04	1.741e+04	5.470e+04	1.464e+03	6.795e+03	6.544e+03	62.00	99.29	8.85

500000.0	1	1638297058.7865024	8.725e+04	1.191e+04	1.732e+04	5.470e+04	1.473e+03	6.848e+03	6.555e+03	61.99	99.29	8.78

500000.0	1	1638297059.78371	8.767e+04	1.184e+04	1.725e+04	5.445e+04	1.480e+03	6.897e+03	6.563e+03	62.02	99.25	8.85

500000.0	1	1638297060.7486057	8.749e+04	1.179e+04	1.717e+04	5.445e+04	1.490e+03	6.950e+03	6.566e+03	62.00	99.13	8.89

500000.0	1	1638297061.7357018	8.767e+04	1.170e+04	1.710e+04	5.439e+04	1.497e+03	7.005e+03	6.578e+03	61.99	99.29	8.76

############################################################_BOMBA_LIGADA_############################################################
1	500000.0	1638297067.738865	9.258e+04	1.084e+04	1.672e+04	5.347e+04	1.582e+03	7.334e+03	6.645e+03	61.55	55.13	6.10

500000.0	500000.0	1638297068.775093	9.604e+04	1.046e+04	1.657e+04	4.965e+04	1.610e+03	7.459e+03	6.669e+03	61.30	54.55	5.06

500000.0	500000.0	1638297070.7775238	1.027e+05	9.668e+03	1.564e+04	4.641e+04	1.678e+03	8.150e+03	6.742e+03	60.97	54.59	4.50

500000.0	500000.0	1638297071.7745342	1.048e+05	9.330e+03	1.503e+04	4.595e+04	1.714e+03	8.609e+03	6.784e+03	60.83	54.62	4.40

500000.0	500000.0	1638297073.775477	1.075e+05	8.813e+03	1.388e+04	4.572e+04	1.780e+03	9.561e+03	6.847e+03	60.57	54.59	4.20

500000.0	500000.0	1638297074.7238743	1.084e+05	8.582e+03	1.340e+04	4.572e+04	1.808e+03	9.997e+03	6.874e+03	60.47	54.59	4.28

500000.0	500000.0	1638297075.7208233	1.094e+05	8.323e+03	1.302e+04	4.590e+04	1.832e+03	1.037e+04	6.893e+03	60.37	54.62	4.12

500000.0	500000.0	1638297076.7212722	1.098e+05	8.172e+03	1.270e+04	4.613e+04	1.856e+03	1.069e+04	6.919e+03	60.25	54.66	4.14

500000.0	500000.0	1638297077.7192137	1.100e+05	8.072e+03	1.247e+04	4.627e+04	1.880e+03	1.096e+04	6.934e+03	60.20	54.70	4.01

500000.0	500000.0	1638297078.7309275	1.104e+05	7.936e+03	1.227e+04	4.659e+04	1.899e+03	1.118e+04	6.949e+03	60.09	54.70	4.13

500000.0	500000.0	1638297079.7330327	1.108e+05	7.851e+03	1.215e+04	4.678e+04	1.915e+03	1.134e+04	6.958e+03	60.02	54.66	3.94

500000.0	500000.0	1638297080.7295892	1.112e+05	7.801e+03	1.208e+04	4.706e+04	1.930e+03	1.146e+04	6.973e+03	59.95	54.59	4.04

500000.0	500000.0	1638297081.7662647	1.113e+05	7.758e+03	1.201e+04	4.730e+04	1.944e+03	1.154e+04	6.982e+03	59.86	54.70	4.00

500000.0	500000.0	1638297082.7640429	1.110e+05	7.708e+03	1.198e+04	4.759e+04	1.956e+03	1.161e+04	6.990e+03	59.81	54.74	4.24

500000.0	500000.0	1638297083.716098	1.117e+05	7.680e+03	1.197e+04	4.788e+04	1.971e+03	1.165e+04	7.002e+03	59.75	54.74	3.96

500000.0	500000.0	1638297084.722268	1.115e+05	7.652e+03	1.197e+04	4.818e+04	1.978e+03	1.168e+04	7.008e+03	59.70	54.59	4.04

500000.0	500000.0	1638297085.7597215	1.118e+05	7.602e+03	1.197e+04	4.852e+04	1.988e+03	1.170e+04	7.011e+03	59.63	54.66	4.14

500000.0	500000.0	1638297086.7200947	1.117e+05	7.496e+03	1.199e+04	4.878e+04	1.997e+03	1.170e+04	7.018e+03	59.58	54.78	4.02

500000.0	500000.0	1638297088.7480955	1.117e+05	7.439e+03	1.203e+04	4.934e+04	2.015e+03	1.170e+04	7.026e+03	59.51	54.74	4.02

500000.0	500000.0	1638297089.7114873	1.120e+05	7.418e+03	1.205e+04	4.955e+04	2.023e+03	1.169e+04	7.032e+03	59.47	54.74	4.05

500000.0	500000.0	1638297090.71152	1.121e+05	7.418e+03	1.207e+04	4.981e+04	2.030e+03	1.170e+04	7.037e+03	59.42	54.70	4.04

500000.0	500000.0	1638297092.70535	1.123e+05	7.425e+03	1.211e+04	5.045e+04	2.046e+03	1.169e+04	7.044e+03	59.37	54.62	4.01

500000.0	500000.0	1638297093.6982832	1.123e+05	7.390e+03	1.212e+04	5.067e+04	2.052e+03	1.169e+04	7.049e+03	59.37	54.74	3.98

500000.0	500000.0	1638297094.7055614	1.124e+05	7.390e+03	1.214e+04	5.089e+04	2.054e+03	1.168e+04	7.051e+03	59.36	54.62	4.14

500000.0	500000.0	1638297095.71757	1.124e+05	7.390e+03	1.215e+04	5.116e+04	2.060e+03	1.170e+04	7.056e+03	59.33	54.86	3.96

500000.0	500000.0	1638297096.7474556	1.124e+05	7.390e+03	1.216e+04	5.144e+04	2.065e+03	1.169e+04	7.056e+03	59.31	54.66	4.04

500000.0	500000.0	1638297098.7004962	1.127e+05	7.383e+03	1.217e+04	5.195e+04	2.079e+03	1.171e+04	7.065e+03	59.26	54.70	4.00

500000.0	500000.0	1638297099.7468183	1.131e+05	7.383e+03	1.217e+04	5.223e+04	2.080e+03	1.171e+04	7.068e+03	59.24	54.82	4.03

500000.0	500000.0	1638297101.6975944	1.130e+05	7.376e+03	1.219e+04	5.264e+04	2.090e+03	1.171e+04	7.071e+03	59.19	54.66	3.96

500000.0	500000.0	1638297102.7040105	1.128e+05	7.369e+03	1.221e+04	5.282e+04	2.095e+03	1.169e+04	7.068e+03	59.18	54.82	3.95

500000.0	500000.0	1638297104.7046795	1.129e+05	7.362e+03	1.222e+04	5.335e+04	2.101e+03	1.171e+04	7.077e+03	59.13	54.70	4.05

500000.0	500000.0	1638297105.7416384	1.126e+05	7.362e+03	1.221e+04	5.359e+04	2.102e+03	1.172e+04	7.080e+03	59.14	54.78	4.02

500000.0	500000.0	1638297106.7356465	1.128e+05	7.355e+03	1.223e+04	5.377e+04	2.109e+03	1.172e+04	7.084e+03	59.12	54.82	4.09

500000.0	500000.0	1638297107.6988482	1.130e+05	7.362e+03	1.223e+04	5.390e+04	2.112e+03	1.172e+04	7.084e+03	59.12	54.78	3.95

500000.0	500000.0	1638297108.689014	1.126e+05	7.355e+03	1.223e+04	5.420e+04	2.115e+03	1.173e+04	7.085e+03	59.10	54.78	4.04

500000.0	500000.0	1638297109.7017374	1.128e+05	7.355e+03	1.223e+04	5.439e+04	2.117e+03	1.173e+04	7.087e+03	59.08	54.82	4.03

500000.0	500000.0	1638297110.736038	1.132e+05	7.355e+03	1.224e+04	5.458e+04	2.120e+03	1.172e+04	7.091e+03	59.07	54.62	3.97

500000.0	500000.0	1638297111.7037497	1.130e+05	7.347e+03	1.225e+04	5.483e+04	2.125e+03	1.172e+04	7.092e+03	59.03	54.82	3.96

500000.0	500000.0	1638297112.6965163	1.132e+05	7.347e+03	1.225e+04	5.489e+04	2.124e+03	1.172e+04	7.087e+03	59.03	54.78	4.11

500000.0	500000.0	1638297113.682342	1.130e+05	7.340e+03	1.225e+04	5.515e+04	2.127e+03	1.174e+04	7.094e+03	59.01	54.70	3.87

500000.0	500000.0	1638297114.6822267	1.129e+05	7.333e+03	1.225e+04	5.527e+04	2.133e+03	1.173e+04	7.094e+03	58.98	54.70	4.02

500000.0	500000.0	1638297115.6857102	1.124e+05	7.333e+03	1.223e+04	5.547e+04	2.134e+03	1.175e+04	7.096e+03	58.96	54.70	3.91

500000.0	500000.0	1638297116.6936479	1.130e+05	7.333e+03	1.223e+04	5.560e+04	2.138e+03	1.176e+04	7.096e+03	58.97	54.66	3.95

500000.0	500000.0	1638297117.6836128	1.130e+05	7.333e+03	1.223e+04	5.579e+04	2.139e+03	1.177e+04	7.098e+03	58.98	54.70	4.08

500000.0	500000.0	1638297118.6799634	1.130e+05	7.333e+03	1.223e+04	5.605e+04	2.143e+03	1.177e+04	7.101e+03	58.98	54.78	4.08

500000.0	500000.0	1638297120.694543	1.132e+05	7.333e+03	1.223e+04	5.632e+04	2.149e+03	1.178e+04	7.101e+03	58.96	54.78	3.93

500000.0	500000.0	1638297121.7263157	1.133e+05	7.326e+03	1.223e+04	5.638e+04	2.151e+03	1.178e+04	7.101e+03	58.94	54.78	4.04

500000.0	500000.0	1638297122.6838446	1.130e+05	7.326e+03	1.223e+04	5.645e+04	2.151e+03	1.179e+04	7.101e+03	58.92	54.78	4.15

500000.0	500000.0	1638297123.7177923	1.134e+05	7.333e+03	1.222e+04	5.679e+04	2.154e+03	1.180e+04	7.105e+03	58.90	54.74	4.15

500000.0	500000.0	1638297126.7225132	1.132e+05	7.326e+03	1.222e+04	5.719e+04	2.162e+03	1.181e+04	7.110e+03	58.90	54.86	4.00

##########################################################_BOMBA_DESLIGADA_###########################################################
#####################################################_CICLO_FINALIZADO_1_DE_5_#####################################################
1	1	1638297190.6028993	1.115e+05	7.305e+03	6.580e+03	6.605e+04	3.010e+03	1.938e+04	7.612e+03	61.62	99.21	6.53

500000.0	1	1638297191.6159422	1.117e+05	7.305e+03	6.545e+03	6.597e+04	3.023e+03	1.948e+04	7.612e+03	61.62	99.25	6.32

500000.0	1	1638297192.6494262	1.113e+05	7.305e+03	6.521e+03	6.605e+04	3.034e+03	1.959e+04	7.622e+03	61.62	99.17	6.45

#####################################################_CICLO_INICIADO_2_DE_5_#####################################################
############################################################_BOMBA_LIGADA_############################################################
1	500000.0	1638297198.6103475	8.278e+04	7.305e+03	1.186e+04	6.413e+04	2.430e+03	1.304e+04	7.322e+03	61.62	68.99	6.01

500000.0	500000.0	1638297199.643295	6.920e+04	7.305e+03	1.812e+04	6.105e+04	1.800e+03	7.066e+03	6.834e+03	61.74	68.91	6.45

500000.0	500000.0	1638297200.612988	6.473e+04	7.758e+03	2.224e+04	5.917e+04	1.425e+03	4.863e+03	6.452e+03	61.76	68.84	6.64

500000.0	500000.0	1638297201.606956	6.355e+04	1.016e+04	2.415e+04	5.838e+04	1.225e+03	4.027e+03	6.219e+03	61.78	68.80	6.85

500000.0	500000.0	1638297203.641934	6.407e+04	1.487e+04	2.513e+04	5.706e+04	1.054e+03	3.513e+03	5.991e+03	61.86	69.11	6.92

500000.0	500000.0	1638297204.593368	6.463e+04	1.563e+04	2.508e+04	5.685e+04	1.014e+03	3.457e+03	5.934e+03	61.89	68.91	7.14

500000.0	500000.0	1638297205.6070487	6.502e+04	1.619e+04	2.489e+04	5.652e+04	9.909e+02	3.454e+03	5.899e+03	61.90	69.07	7.10

500000.0	500000.0	1638297206.5936675	6.545e+04	1.663e+04	2.463e+04	5.645e+04	9.752e+02	3.479e+03	5.872e+03	61.91	68.95	7.16

500000.0	500000.0	1638297207.6038215	6.585e+04	1.696e+04	2.436e+04	5.632e+04	9.656e+02	3.514e+03	5.854e+03	61.93	69.19	7.05

500000.0	500000.0	1638297208.5951848	6.610e+04	1.724e+04	2.406e+04	5.638e+04	9.588e+02	3.559e+03	5.837e+03	61.93	68.95	7.02

500000.0	500000.0	1638297209.6026807	6.640e+04	1.745e+04	2.381e+04	5.632e+04	9.541e+02	3.603e+03	5.825e+03	61.93	69.15	6.98

500000.0	500000.0	1638297211.5938127	6.666e+04	1.780e+04	2.331e+04	5.619e+04	9.514e+02	3.686e+03	5.807e+03	61.91	69.19	6.95

500000.0	500000.0	1638297212.579382	6.677e+04	1.798e+04	2.310e+04	5.625e+04	9.486e+02	3.724e+03	5.799e+03	61.91	69.11	7.07

500000.0	500000.0	1638297214.6282964	6.700e+04	1.823e+04	2.277e+04	5.605e+04	9.466e+02	3.782e+03	5.784e+03	61.90	68.95	6.84

500000.0	500000.0	1638297215.5813537	6.722e+04	1.836e+04	2.262e+04	5.625e+04	9.473e+02	3.812e+03	5.778e+03	61.89	69.03	6.96

500000.0	500000.0	1638297216.5942035	6.715e+04	1.848e+04	2.249e+04	5.612e+04	9.466e+02	3.835e+03	5.774e+03	61.87	69.11	6.90

##########################################################_BOMBA_DESLIGADA_###########################################################
1	1	1638297219.629604	6.783e+04	1.911e+04	2.205e+04	5.560e+04	9.480e+02	3.900e+03	5.745e+03	62.06	99.13	8.89

500000.0	1	1638297220.582601	7.017e+04	1.904e+04	2.189e+04	5.761e+04	9.615e+02	3.981e+03	5.771e+03	62.02	99.13	9.36

500000.0	1	1638297221.5872774	7.183e+04	1.891e+04	2.178e+04	5.903e+04	9.779e+02	4.048e+03	5.800e+03	61.98	99.21	9.38

500000.0	1	1638297222.5904553	7.295e+04	1.879e+04	2.168e+04	5.991e+04	9.936e+02	4.113e+03	5.829e+03	61.94	99.29	9.56

500000.0	1	1638297223.6190023	7.375e+04	1.873e+04	2.158e+04	6.059e+04	1.005e+03	4.174e+03	5.853e+03	61.93	99.29	9.56

500000.0	1	1638297224.5858803	7.410e+04	1.868e+04	2.147e+04	6.105e+04	1.016e+03	4.233e+03	5.875e+03	61.91	99.13	9.54

500000.0	1	1638297225.5806992	7.456e+04	1.865e+04	2.136e+04	6.128e+04	1.028e+03	4.290e+03	5.896e+03	61.89	99.25	9.40

500000.0	1	1638297226.6167955	7.487e+04	1.863e+04	2.125e+04	6.144e+04	1.036e+03	4.345e+03	5.913e+03	61.89	99.29	9.39

500000.0	1	1638297227.5801165	7.520e+04	1.860e+04	2.115e+04	6.160e+04	1.045e+03	4.396e+03	5.928e+03	61.87	99.25	9.21

500000.0	1	1638297228.6142256	7.561e+04	1.857e+04	2.106e+04	6.136e+04	1.052e+03	4.445e+03	5.942e+03	61.86	99.13	9.44

500000.0	1	1638297229.6083858	7.585e+04	1.856e+04	2.097e+04	6.136e+04	1.060e+03	4.493e+03	5.959e+03	61.85	99.17	9.38

500000.0	1	1638297230.5682602	7.617e+04	1.852e+04	2.089e+04	6.144e+04	1.067e+03	4.539e+03	5.973e+03	61.82	99.21	9.24

500000.0	1	1638297231.5683043	7.660e+04	1.847e+04	2.082e+04	6.121e+04	1.073e+03	4.580e+03	5.986e+03	61.82	99.21	9.31

500000.0	1	1638297232.5642767	7.698e+04	1.843e+04	2.074e+04	6.090e+04	1.079e+03	4.621e+03	6.000e+03	61.82	99.13	9.23

500000.0	1	1638297233.6144707	7.713e+04	1.838e+04	2.067e+04	6.097e+04	1.087e+03	4.661e+03	6.016e+03	61.82	99.29	9.17

500000.0	1	1638297234.578962	7.732e+04	1.830e+04	2.063e+04	6.090e+04	1.093e+03	4.699e+03	6.027e+03	61.79	99.29	9.26

500000.0	1	1638297235.573744	7.796e+04	1.824e+04	2.056e+04	6.067e+04	1.097e+03	4.733e+03	6.040e+03	61.79	99.21	9.27

500000.0	1	1638297236.6099808	7.820e+04	1.818e+04	2.051e+04	6.051e+04	1.105e+03	4.769e+03	6.053e+03	61.78	99.17	9.00

500000.0	1	1638297237.571425	7.845e+04	1.811e+04	2.045e+04	6.044e+04	1.111e+03	4.805e+03	6.065e+03	61.79	99.33	9.14

500000.0	1	1638297238.56638	7.875e+04	1.801e+04	2.041e+04	5.991e+04	1.116e+03	4.839e+03	6.077e+03	61.79	99.17	9.08

500000.0	1	1638297239.6054835	7.905e+04	1.796e+04	2.035e+04	5.998e+04	1.124e+03	4.875e+03	6.090e+03	61.77	99.21	9.05

500000.0	1	1638297240.5695949	7.905e+04	1.787e+04	2.031e+04	5.969e+04	1.129e+03	4.906e+03	6.100e+03	61.78	99.09	9.12

500000.0	1	1638297241.6181765	7.976e+04	1.780e+04	2.026e+04	5.969e+04	1.137e+03	4.942e+03	6.113e+03	61.77	99.25	9.07

500000.0	1	1638297242.5989447	8.002e+04	1.771e+04	2.021e+04	5.939e+04	1.144e+03	4.973e+03	6.122e+03	61.78	99.09	9.10

500000.0	1	1638297243.5638757	7.997e+04	1.767e+04	2.016e+04	5.917e+04	1.149e+03	5.011e+03	6.138e+03	61.78	99.25	8.96

500000.0	1	1638297244.5517864	8.033e+04	1.756e+04	2.010e+04	5.910e+04	1.157e+03	5.043e+03	6.144e+03	61.78	99.25	8.94

500000.0	1	1638297245.6014957	8.059e+04	1.746e+04	2.006e+04	5.903e+04	1.162e+03	5.078e+03	6.158e+03	61.77	99.13	8.94

500000.0	1	1638297246.5987859	8.085e+04	1.739e+04	2.001e+04	5.852e+04	1.168e+03	5.113e+03	6.170e+03	61.78	99.25	9.02

500000.0	1	1638297247.5474231	8.111e+04	1.729e+04	1.996e+04	5.867e+04	1.173e+03	5.147e+03	6.178e+03	61.78	99.17	8.95

500000.0	1	1638297248.5599797	8.138e+04	1.723e+04	1.989e+04	5.845e+04	1.182e+03	5.181e+03	6.191e+03	61.77	99.21	8.98

500000.0	1	1638297249.5975306	8.154e+04	1.711e+04	1.984e+04	5.831e+04	1.188e+03	5.218e+03	6.201e+03	61.77	99.17	9.00

500000.0	1	1638297250.5564678	8.164e+04	1.701e+04	1.978e+04	5.824e+04	1.197e+03	5.251e+03	6.212e+03	61.76	99.25	8.97

500000.0	1	1638297251.5509856	8.196e+04	1.694e+04	1.972e+04	5.796e+04	1.203e+03	5.291e+03	6.221e+03	61.77	99.25	8.93

500000.0	1	1638297252.5577257	8.234e+04	1.686e+04	1.966e+04	5.782e+04	1.209e+03	5.325e+03	6.230e+03	61.77	99.21	8.97

500000.0	1	1638297253.5924592	8.250e+04	1.676e+04	1.960e+04	5.761e+04	1.215e+03	5.363e+03	6.241e+03	61.77	99.25	8.92

500000.0	1	1638297254.554854	8.261e+04	1.667e+04	1.954e+04	5.761e+04	1.223e+03	5.404e+03	6.252e+03	61.77	99.33	9.01

500000.0	1	1638297255.5562427	8.305e+04	1.658e+04	1.948e+04	5.740e+04	1.230e+03	5.442e+03	6.261e+03	61.77	99.25	8.95

500000.0	1	1638297256.5462334	8.311e+04	1.649e+04	1.942e+04	5.733e+04	1.238e+03	5.478e+03	6.269e+03	61.77	99.17	9.01

500000.0	1	1638297257.5311825	8.305e+04	1.639e+04	1.935e+04	5.719e+04	1.243e+03	5.522e+03	6.278e+03	61.78	99.33	9.10

500000.0	1	1638297258.5945094	8.355e+04	1.631e+04	1.928e+04	5.706e+04	1.250e+03	5.559e+03	6.291e+03	61.76	99.17	9.06

500000.0	1	1638297259.5486348	8.355e+04	1.621e+04	1.921e+04	5.692e+04	1.258e+03	5.600e+03	6.299e+03	61.77	99.29	8.98

500000.0	1	1638297260.53743	8.388e+04	1.612e+04	1.915e+04	5.679e+04	1.266e+03	5.640e+03	6.306e+03	61.78	99.25	8.99

500000.0	1	1638297261.5439053	8.400e+04	1.604e+04	1.908e+04	5.665e+04	1.274e+03	5.681e+03	6.316e+03	61.77	99.21	8.93

500000.0	1	1638297262.549995	8.411e+04	1.595e+04	1.901e+04	5.645e+04	1.280e+03	5.724e+03	6.327e+03	61.77	99.25	8.85

500000.0	1	1638297263.5420372	8.450e+04	1.586e+04	1.894e+04	5.652e+04	1.288e+03	5.766e+03	6.335e+03	61.77	99.21	8.93

500000.0	1	1638297264.5430346	8.456e+04	1.578e+04	1.887e+04	5.632e+04	1.298e+03	5.809e+03	6.346e+03	61.77	99.25	8.77

500000.0	1	1638297265.5831265	8.467e+04	1.566e+04	1.880e+04	5.619e+04	1.303e+03	5.851e+03	6.354e+03	61.79	99.29	8.83

500000.0	1	1638297266.547249	8.502e+04	1.559e+04	1.872e+04	5.599e+04	1.311e+03	5.896e+03	6.363e+03	61.77	99.25	8.85

500000.0	1	1638297267.5448914	8.513e+04	1.548e+04	1.865e+04	5.605e+04	1.317e+03	5.941e+03	6.369e+03	61.78	99.21	8.82

500000.0	1	1638297268.5308616	8.536e+04	1.540e+04	1.858e+04	5.586e+04	1.325e+03	5.986e+03	6.379e+03	61.78	99.21	8.87

500000.0	1	1638297269.5399146	8.548e+04	1.530e+04	1.849e+04	5.566e+04	1.332e+03	6.031e+03	6.390e+03	61.78	99.25	8.85

500000.0	1	1638297270.5437014	8.525e+04	1.522e+04	1.843e+04	5.560e+04	1.341e+03	6.077e+03	6.396e+03	61.78	99.21	9.01

500000.0	1	1638297271.5761778	8.571e+04	1.512e+04	1.834e+04	5.560e+04	1.349e+03	6.125e+03	6.406e+03	61.78	99.21	8.81

500000.0	1	1638297272.5356572	8.595e+04	1.503e+04	1.826e+04	5.547e+04	1.358e+03	6.170e+03	6.415e+03	61.78	99.33	8.89

500000.0	1	1638297273.5363052	8.612e+04	1.495e+04	1.819e+04	5.534e+04	1.366e+03	6.218e+03	6.423e+03	61.79	99.25	8.79

500000.0	1	1638297274.5667481	8.612e+04	1.486e+04	1.810e+04	5.521e+04	1.374e+03	6.267e+03	6.433e+03	61.78	99.25	8.81

500000.0	1	1638297275.5322542	8.642e+04	1.478e+04	1.803e+04	5.508e+04	1.380e+03	6.315e+03	6.441e+03	61.78	99.25	8.72

500000.0	1	1638297276.5201533	8.659e+04	1.469e+04	1.795e+04	5.502e+04	1.390e+03	6.366e+03	6.450e+03	61.78	99.21	8.84

500000.0	1	1638297277.5287554	8.671e+04	1.461e+04	1.787e+04	5.496e+04	1.398e+03	6.413e+03	6.457e+03	61.81	99.21	8.80

500000.0	1	1638297278.5270338	8.689e+04	1.452e+04	1.779e+04	5.489e+04	1.405e+03	6.466e+03	6.466e+03	61.79	99.25	8.78

############################################################_BOMBA_LIGADA_############################################################
1	500000.0	1638297285.5257897	9.470e+04	1.150e+04	1.728e+04	5.007e+04	1.508e+03	6.899e+03	6.565e+03	61.17	54.78	5.24

500000.0	500000.0	1638297286.5165913	9.861e+04	1.106e+04	1.689e+04	4.788e+04	1.545e+03	7.162e+03	6.607e+03	60.94	54.74	4.72

500000.0	500000.0	1638297287.555969	1.015e+05	1.063e+04	1.635e+04	4.683e+04	1.577e+03	7.533e+03	6.653e+03	60.81	54.74	4.48

500000.0	500000.0	1638297288.509728	1.036e+05	1.027e+04	1.576e+04	4.627e+04	1.612e+03	7.956e+03	6.692e+03	60.67	54.74	4.58

500000.0	500000.0	1638297289.5027144	1.056e+05	9.926e+03	1.515e+04	4.609e+04	1.644e+03	8.396e+03	6.730e+03	60.56	54.66	4.36

500000.0	500000.0	1638297290.5559707	1.063e+05	9.668e+03	1.461e+04	4.599e+04	1.675e+03	8.830e+03	6.765e+03	60.45	54.70	4.35

500000.0	500000.0	1638297291.5048194	1.073e+05	9.403e+03	1.413e+04	4.609e+04	1.704e+03	9.221e+03	6.794e+03	60.32	54.59	4.27

500000.0	500000.0	1638297292.5135467	1.086e+05	9.169e+03	1.372e+04	4.604e+04	1.725e+03	9.568e+03	6.819e+03	60.22	54.66	4.17

500000.0	500000.0	1638297293.5393155	1.087e+05	8.995e+03	1.344e+04	4.631e+04	1.748e+03	9.857e+03	6.839e+03	60.12	54.66	4.16

500000.0	500000.0	1638297295.4968586	1.091e+05	8.697e+03	1.301e+04	4.669e+04	1.787e+03	1.029e+04	6.873e+03	59.97	54.62	4.22

500000.0	500000.0	1638297296.5154474	1.098e+05	8.560e+03	1.288e+04	4.706e+04	1.803e+03	1.045e+04	6.886e+03	59.91	54.66	4.18

500000.0	500000.0	1638297297.5148952	1.096e+05	8.402e+03	1.279e+04	4.730e+04	1.816e+03	1.055e+04	6.898e+03	59.84	54.82	4.17

500000.0	500000.0	1638297298.514141	1.099e+05	8.330e+03	1.273e+04	4.759e+04	1.830e+03	1.063e+04	6.908e+03	59.76	54.74	4.23

500000.0	500000.0	1638297299.5087762	1.102e+05	8.229e+03	1.272e+04	4.778e+04	1.840e+03	1.068e+04	6.915e+03	59.73	54.66	4.15

500000.0	500000.0	1638297301.4869113	1.102e+05	8.107e+03	1.273e+04	4.827e+04	1.861e+03	1.073e+04	6.930e+03	59.60	54.70	4.08

500000.0	500000.0	1638297302.5429544	1.103e+05	8.057e+03	1.274e+04	4.862e+04	1.870e+03	1.074e+04	6.941e+03	59.55	54.66	4.06

500000.0	500000.0	1638297303.4974186	1.106e+05	8.007e+03	1.276e+04	4.888e+04	1.878e+03	1.074e+04	6.946e+03	59.51	54.62	4.02

500000.0	500000.0	1638297304.5445778	1.106e+05	7.957e+03	1.279e+04	4.918e+04	1.886e+03	1.074e+04	6.949e+03	59.48	54.66	4.10

500000.0	500000.0	1638297305.5008342	1.102e+05	7.908e+03	1.280e+04	4.950e+04	1.891e+03	1.074e+04	6.956e+03	59.42	54.86	4.21

500000.0	500000.0	1638297306.5405893	1.102e+05	7.872e+03	1.281e+04	4.970e+04	1.899e+03	1.074e+04	6.961e+03	59.40	54.78	4.11

500000.0	500000.0	1638297307.5003734	1.109e+05	7.851e+03	1.285e+04	4.992e+04	1.908e+03	1.074e+04	6.966e+03	59.36	54.70	4.03

500000.0	500000.0	1638297308.4997737	1.109e+05	7.815e+03	1.287e+04	5.023e+04	1.912e+03	1.073e+04	6.970e+03	59.33	54.62	4.18

500000.0	500000.0	1638297309.5504613	1.109e+05	7.779e+03	1.289e+04	5.045e+04	1.918e+03	1.072e+04	6.973e+03	59.27	54.74	4.07

500000.0	500000.0	1638297311.536832	1.111e+05	7.751e+03	1.291e+04	5.111e+04	1.929e+03	1.073e+04	6.982e+03	59.18	54.70	4.18

500000.0	500000.0	1638297312.488776	1.113e+05	7.715e+03	1.292e+04	5.122e+04	1.934e+03	1.074e+04	6.987e+03	59.18	54.74	4.08

500000.0	500000.0	1638297313.502094	1.108e+05	7.708e+03	1.294e+04	5.155e+04	1.940e+03	1.074e+04	6.989e+03	59.15	54.70	4.18

500000.0	500000.0	1638297314.5271156	1.109e+05	7.687e+03	1.295e+04	5.183e+04	1.945e+03	1.074e+04	6.994e+03	59.14	54.70	4.14

500000.0	500000.0	1638297315.498167	1.116e+05	7.673e+03	1.296e+04	5.206e+04	1.949e+03	1.074e+04	6.995e+03	59.12	54.74	4.01

500000.0	500000.0	1638297316.4964497	1.116e+05	7.666e+03	1.297e+04	5.229e+04	1.956e+03	1.074e+04	6.999e+03	59.09	54.74	4.15

500000.0	500000.0	1638297317.490655	1.116e+05	7.652e+03	1.298e+04	5.247e+04	1.956e+03	1.075e+04	7.001e+03	59.08	54.78	4.15

500000.0	500000.0	1638297318.5282075	1.111e+05	7.637e+03	1.298e+04	5.282e+04	1.960e+03	1.075e+04	7.004e+03	59.08	54.90	4.15

500000.0	500000.0	1638297320.535695	1.116e+05	7.588e+03	1.299e+04	5.311e+04	1.967e+03	1.076e+04	7.011e+03	59.03	54.82	4.06

500000.0	500000.0	1638297321.4795809	1.116e+05	7.517e+03	1.300e+04	5.341e+04	1.971e+03	1.076e+04	7.011e+03	59.01	54.82	4.08

500000.0	500000.0	1638297322.471758	1.116e+05	7.496e+03	1.300e+04	5.359e+04	1.975e+03	1.077e+04	7.013e+03	59.01	54.66	4.01

500000.0	500000.0	1638297323.5222452	1.116e+05	7.460e+03	1.302e+04	5.377e+04	1.978e+03	1.076e+04	7.014e+03	59.01	54.74	4.08

500000.0	500000.0	1638297324.4886968	1.121e+05	7.468e+03	1.301e+04	5.408e+04	1.981e+03	1.077e+04	7.016e+03	58.98	54.74	4.08

500000.0	500000.0	1638297325.479109	1.118e+05	7.446e+03	1.302e+04	5.420e+04	1.985e+03	1.077e+04	7.020e+03	58.97	54.78	4.07

500000.0	500000.0	1638297326.4821944	1.121e+05	7.446e+03	1.302e+04	5.445e+04	1.985e+03	1.078e+04	7.018e+03	58.95	54.74	3.97

500000.0	500000.0	1638297327.4820411	1.121e+05	7.439e+03	1.301e+04	5.458e+04	1.989e+03	1.079e+04	7.025e+03	58.94	54.70	4.16

500000.0	500000.0	1638297328.4679854	1.119e+05	7.425e+03	1.300e+04	5.483e+04	1.994e+03	1.081e+04	7.026e+03	58.92	54.78	4.01

500000.0	500000.0	1638297329.5167189	1.119e+05	7.418e+03	1.301e+04	5.502e+04	1.995e+03	1.081e+04	7.028e+03	58.92	54.74	4.07

500000.0	500000.0	1638297330.471818	1.121e+05	7.418e+03	1.300e+04	5.515e+04	2.000e+03	1.082e+04	7.030e+03	58.92	54.82	4.11

500000.0	500000.0	1638297331.479566	1.120e+05	7.432e+03	1.300e+04	5.540e+04	2.002e+03	1.083e+04	7.030e+03	58.91	54.78	4.13

500000.0	500000.0	1638297333.4697802	1.113e+05	7.418e+03	1.299e+04	5.573e+04	2.006e+03	1.084e+04	7.033e+03	58.89	54.82	4.15

500000.0	500000.0	1638297334.5112991	1.120e+05	7.411e+03	1.299e+04	5.586e+04	2.009e+03	1.085e+04	7.037e+03	58.89	54.90	4.12

500000.0	500000.0	1638297335.4728522	1.120e+05	7.418e+03	1.299e+04	5.592e+04	2.011e+03	1.085e+04	7.037e+03	58.90	54.74	4.05

500000.0	500000.0	1638297336.5076962	1.118e+05	7.404e+03	1.299e+04	5.605e+04	2.014e+03	1.086e+04	7.037e+03	58.89	54.82	4.08

500000.0	500000.0	1638297337.5119414	1.118e+05	7.397e+03	1.298e+04	5.625e+04	2.015e+03	1.087e+04	7.040e+03	58.86	54.74	4.14

500000.0	500000.0	1638297338.5063946	1.121e+05	7.397e+03	1.298e+04	5.652e+04	2.019e+03	1.087e+04	7.042e+03	58.84	54.74	4.09

500000.0	500000.0	1638297340.4722838	1.125e+05	7.390e+03	1.298e+04	5.672e+04	2.023e+03	1.089e+04	7.044e+03	58.83	54.82	4.06

500000.0	500000.0	1638297341.4691885	1.121e+05	7.390e+03	1.296e+04	5.685e+04	2.024e+03	1.090e+04	7.045e+03	58.83	54.94	4.09

##########################################################_BOMBA_DESLIGADA_###########################################################
#####################################################_CICLO_FINALIZADO_2_DE_5_#####################################################
1	1	1638297407.3949306	1.107e+05	7.305e+03	7.218e+03	6.597e+04	2.867e+03	1.800e+04	7.572e+03	61.51	99.17	6.59

500000.0	1	1638297408.398174	1.111e+05	7.305e+03	7.170e+03	6.597e+04	2.879e+03	1.811e+04	7.577e+03	61.51	99.17	6.53

500000.0	1	1638297409.4398043	1.113e+05	7.305e+03	7.123e+03	6.570e+04	2.891e+03	1.818e+04	7.583e+03	61.51	99.09	6.47

#####################################################_CICLO_INICIADO_3_DE_5_#####################################################
############################################################_BOMBA_LIGADA_############################################################
1	500000.0	1638297415.3920734	7.366e+04	7.305e+03	1.534e+04	6.255e+04	2.030e+03	8.994e+03	7.009e+03	61.57	69.46	6.27

500000.0	500000.0	1638297416.3978903	6.495e+04	7.439e+03	2.080e+04	6.013e+04	1.541e+03	5.441e+03	6.529e+03	61.64	69.69	6.86

500000.0	500000.0	1638297417.378561	6.230e+04	1.002e+04	2.357e+04	5.888e+04	1.272e+03	4.177e+03	6.222e+03	61.70	69.85	6.83

500000.0	500000.0	1638297418.4273407	6.204e+04	1.221e+04	2.472e+04	5.810e+04	1.132e+03	3.664e+03	6.039e+03	61.72	69.97	7.11

500000.0	500000.0	1638297419.421311	6.230e+04	1.544e+04	2.512e+04	5.747e+04	1.052e+03	3.444e+03	5.927e+03	61.76	69.85	7.10

500000.0	500000.0	1638297420.3939385	6.290e+04	1.637e+04	2.513e+04	5.726e+04	1.009e+03	3.363e+03	5.865e+03	61.78	69.77	7.22

500000.0	500000.0	1638297422.4206638	6.372e+04	1.745e+04	2.471e+04	5.672e+04	9.663e+02	3.369e+03	5.794e+03	61.78	69.77	7.27

500000.0	500000.0	1638297423.385541	6.428e+04	1.780e+04	2.441e+04	5.665e+04	9.568e+02	3.408e+03	5.775e+03	61.79	70.08	7.14

500000.0	500000.0	1638297424.4294946	6.466e+04	1.807e+04	2.408e+04	5.665e+04	9.507e+02	3.458e+03	5.761e+03	61.79	69.81	7.20

500000.0	500000.0	1638297425.4225395	6.481e+04	1.830e+04	2.378e+04	5.652e+04	9.500e+02	3.509e+03	5.748e+03	61.79	69.93	7.24

500000.0	500000.0	1638297426.3854587	6.502e+04	1.849e+04	2.351e+04	5.652e+04	9.459e+02	3.556e+03	5.738e+03	61.78	69.73	7.13

500000.0	500000.0	1638297427.3742344	6.520e+04	1.868e+04	2.325e+04	5.652e+04	9.452e+02	3.602e+03	5.730e+03	61.79	69.93	7.21

500000.0	500000.0	1638297428.377986	6.545e+04	1.882e+04	2.304e+04	5.632e+04	9.446e+02	3.642e+03	5.723e+03	61.78	69.85	7.16

500000.0	500000.0	1638297429.3714492	6.545e+04	1.896e+04	2.284e+04	5.645e+04	9.439e+02	3.681e+03	5.717e+03	61.78	69.85	7.20

500000.0	500000.0	1638297430.3796327	6.563e+04	1.907e+04	2.267e+04	5.632e+04	9.452e+02	3.709e+03	5.710e+03	61.77	69.93	7.30

500000.0	500000.0	1638297431.3832266	6.578e+04	1.921e+04	2.252e+04	5.632e+04	9.466e+02	3.738e+03	5.707e+03	61.74	69.77	7.22

500000.0	500000.0	1638297432.3697698	6.578e+04	1.931e+04	2.239e+04	5.605e+04	9.446e+02	3.764e+03	5.702e+03	61.74	69.93	7.26

500000.0	500000.0	1638297433.406392	6.618e+04	1.939e+04	2.228e+04	5.632e+04	9.452e+02	3.786e+03	5.699e+03	61.72	69.97	7.34

##########################################################_BOMBA_DESLIGADA_###########################################################
1	1	1638297436.3764942	6.806e+04	1.998e+04	2.185e+04	5.658e+04	9.534e+02	3.881e+03	5.694e+03	61.87	99.17	9.14

500000.0	1	1638297437.4007761	7.025e+04	1.987e+04	2.175e+04	5.831e+04	9.670e+02	3.958e+03	5.728e+03	61.86	99.29	9.61

500000.0	1	1638297438.357673	7.188e+04	1.973e+04	2.164e+04	5.961e+04	9.813e+02	4.025e+03	5.761e+03	61.79	99.33	9.74

500000.0	1	1638297439.4038417	7.282e+04	1.959e+04	2.157e+04	6.021e+04	9.943e+02	4.084e+03	5.788e+03	61.79	99.13	9.61

500000.0	1	1638297440.360489	7.357e+04	1.949e+04	2.147e+04	6.097e+04	1.007e+03	4.147e+03	5.815e+03	61.76	99.37	9.59

500000.0	1	1638297441.409565	7.388e+04	1.941e+04	2.139e+04	6.105e+04	1.016e+03	4.202e+03	5.835e+03	61.73	99.17	9.63

500000.0	1	1638297442.357373	7.428e+04	1.937e+04	2.128e+04	6.144e+04	1.026e+03	4.261e+03	5.856e+03	61.74	99.25	9.46

500000.0	1	1638297443.3560336	7.469e+04	1.932e+04	2.117e+04	6.136e+04	1.036e+03	4.310e+03	5.875e+03	61.70	99.17	9.52

500000.0	1	1638297444.403627	7.497e+04	1.930e+04	2.109e+04	6.121e+04	1.042e+03	4.360e+03	5.890e+03	61.72	99.05	9.44

500000.0	1	1638297445.3641732	7.520e+04	1.922e+04	2.100e+04	6.152e+04	1.049e+03	4.411e+03	5.907e+03	61.70	99.21	9.41

500000.0	1	1638297446.3560865	7.533e+04	1.919e+04	2.091e+04	6.128e+04	1.056e+03	4.455e+03	5.922e+03	61.72	99.29	9.44

500000.0	1	1638297447.398181	7.594e+04	1.912e+04	2.085e+04	6.113e+04	1.063e+03	4.498e+03	5.936e+03	61.68	99.01	9.39

500000.0	1	1638297448.358552	7.617e+04	1.906e+04	2.076e+04	6.121e+04	1.072e+03	4.543e+03	5.955e+03	61.66	99.25	9.37

500000.0	1	1638297449.3649592	7.627e+04	1.900e+04	2.070e+04	6.090e+04	1.076e+03	4.584e+03	5.967e+03	61.69	99.17	9.32

500000.0	1	1638297450.3626046	7.689e+04	1.892e+04	2.064e+04	6.067e+04	1.083e+03	4.617e+03	5.980e+03	61.66	99.01	9.37

500000.0	1	1638297451.3493521	7.689e+04	1.883e+04	2.059e+04	6.051e+04	1.090e+03	4.658e+03	5.994e+03	61.65	99.05	9.28

500000.0	1	1638297452.3546596	7.732e+04	1.877e+04	2.053e+04	6.059e+04	1.096e+03	4.699e+03	6.009e+03	61.68	99.40	9.35

500000.0	1	1638297453.345096	7.761e+04	1.869e+04	2.049e+04	6.021e+04	1.101e+03	4.728e+03	6.018e+03	61.66	99.01	9.40

500000.0	1	1638297454.3485107	7.805e+04	1.861e+04	2.042e+04	6.013e+04	1.109e+03	4.763e+03	6.033e+03	61.62	99.17	9.38

500000.0	1	1638297455.353077	7.771e+04	1.851e+04	2.038e+04	5.984e+04	1.111e+03	4.801e+03	6.045e+03	61.68	99.13	9.17

500000.0	1	1638297456.3459566	7.855e+04	1.842e+04	2.034e+04	5.991e+04	1.121e+03	4.833e+03	6.060e+03	61.62	99.13	9.47

500000.0	1	1638297457.3425877	7.855e+04	1.836e+04	2.027e+04	5.954e+04	1.127e+03	4.871e+03	6.071e+03	61.66	99.29	9.36

500000.0	1	1638297458.3404098	7.895e+04	1.824e+04	2.023e+04	5.917e+04	1.133e+03	4.901e+03	6.081e+03	61.65	99.13	9.28

500000.0	1	1638297459.350742	7.940e+04	1.816e+04	2.018e+04	5.910e+04	1.140e+03	4.935e+03	6.095e+03	61.64	99.05	9.34

500000.0	1	1638297460.383775	7.935e+04	1.806e+04	2.013e+04	5.895e+04	1.145e+03	4.974e+03	6.104e+03	61.66	99.33	9.21

500000.0	1	1638297461.385184	7.976e+04	1.797e+04	2.008e+04	5.867e+04	1.152e+03	5.004e+03	6.116e+03	61.65	99.05	9.30

500000.0	1	1638297462.3457427	7.986e+04	1.788e+04	2.003e+04	5.859e+04	1.158e+03	5.042e+03	6.126e+03	61.66	99.13	9.17

500000.0	1	1638297463.335398	8.028e+04	1.778e+04	1.998e+04	5.824e+04	1.165e+03	5.073e+03	6.139e+03	61.65	99.09	9.21

500000.0	1	1638297464.347542	8.033e+04	1.769e+04	1.992e+04	5.831e+04	1.172e+03	5.113e+03	6.150e+03	61.66	99.25	9.32

500000.0	1	1638297465.377719	8.074e+04	1.760e+04	1.986e+04	5.824e+04	1.178e+03	5.148e+03	6.164e+03	61.64	99.33	9.12

500000.0	1	1638297466.3428423	8.085e+04	1.751e+04	1.981e+04	5.803e+04	1.186e+03	5.181e+03	6.175e+03	61.64	99.40	9.08

500000.0	1	1638297467.3357532	8.101e+04	1.740e+04	1.975e+04	5.782e+04	1.192e+03	5.220e+03	6.184e+03	61.65	99.33	9.18

500000.0	1	1638297468.3271706	8.132e+04	1.731e+04	1.969e+04	5.761e+04	1.198e+03	5.254e+03	6.193e+03	61.62	99.13	9.14

500000.0	1	1638297469.3294327	8.154e+04	1.723e+04	1.963e+04	5.768e+04	1.207e+03	5.292e+03	6.204e+03	61.64	99.33	9.06

500000.0	1	1638297470.3355963	8.180e+04	1.715e+04	1.958e+04	5.740e+04	1.214e+03	5.330e+03	6.216e+03	61.62	99.33	9.04

500000.0	1	1638297471.387732	8.223e+04	1.702e+04	1.951e+04	5.719e+04	1.221e+03	5.367e+03	6.225e+03	61.62	99.25	9.12

500000.0	1	1638297472.3851402	8.213e+04	1.693e+04	1.945e+04	5.706e+04	1.227e+03	5.407e+03	6.235e+03	61.66	99.29	9.05

500000.0	1	1638297473.323093	8.245e+04	1.684e+04	1.938e+04	5.679e+04	1.234e+03	5.443e+03	6.241e+03	61.66	99.09	9.02

500000.0	1	1638297474.3673685	8.240e+04	1.673e+04	1.933e+04	5.665e+04	1.239e+03	5.486e+03	6.253e+03	61.66	99.17	9.14

500000.0	1	1638297475.3195722	8.256e+04	1.664e+04	1.925e+04	5.665e+04	1.247e+03	5.525e+03	6.263e+03	61.66	99.29	9.14

500000.0	1	1638297476.3361952	8.283e+04	1.654e+04	1.918e+04	5.658e+04	1.254e+03	5.567e+03	6.274e+03	61.68	99.44	9.02

500000.0	1	1638297477.3347163	8.300e+04	1.645e+04	1.912e+04	5.645e+04	1.262e+03	5.608e+03	6.285e+03	61.65	99.40	9.05

500000.0	1	1638297478.3298802	8.349e+04	1.637e+04	1.906e+04	5.638e+04	1.272e+03	5.644e+03	6.294e+03	61.64	99.37	9.05

500000.0	1	1638297479.331333	8.344e+04	1.626e+04	1.899e+04	5.612e+04	1.277e+03	5.689e+03	6.300e+03	61.68	99.21	9.06

500000.0	1	1638297480.3604014	8.372e+04	1.618e+04	1.890e+04	5.612e+04	1.284e+03	5.730e+03	6.314e+03	61.65	99.13	9.07

500000.0	1	1638297481.31217	8.411e+04	1.607e+04	1.884e+04	5.592e+04	1.292e+03	5.775e+03	6.322e+03	61.64	99.21	9.08

500000.0	1	1638297482.3653512	8.416e+04	1.597e+04	1.877e+04	5.579e+04	1.301e+03	5.816e+03	6.328e+03	61.64	99.21	9.00

500000.0	1	1638297483.3292787	8.433e+04	1.588e+04	1.870e+04	5.566e+04	1.306e+03	5.863e+03	6.339e+03	61.66	99.33	9.07

500000.0	1	1638297484.3274732	8.450e+04	1.578e+04	1.862e+04	5.566e+04	1.316e+03	5.906e+03	6.346e+03	61.65	99.37	9.09

500000.0	1	1638297485.309246	8.473e+04	1.570e+04	1.855e+04	5.547e+04	1.324e+03	5.949e+03	6.358e+03	61.65	99.17	9.00

500000.0	1	1638297486.357643	8.485e+04	1.559e+04	1.848e+04	5.521e+04	1.329e+03	5.996e+03	6.365e+03	61.68	99.25	9.08

500000.0	1	1638297487.3216894	8.485e+04	1.551e+04	1.840e+04	5.527e+04	1.337e+03	6.040e+03	6.374e+03	61.68	99.17	8.97

500000.0	1	1638297488.3231144	8.502e+04	1.540e+04	1.833e+04	5.508e+04	1.344e+03	6.090e+03	6.382e+03	61.68	99.21	8.99

500000.0	1	1638297489.3527045	8.467e+04	1.532e+04	1.825e+04	5.496e+04	1.355e+03	6.134e+03	6.392e+03	61.68	99.09	8.93

500000.0	1	1638297490.3088577	8.542e+04	1.523e+04	1.817e+04	5.496e+04	1.360e+03	6.183e+03	6.401e+03	61.66	99.25	8.92

500000.0	1	1638297491.3143473	8.560e+04	1.513e+04	1.809e+04	5.483e+04	1.370e+03	6.230e+03	6.409e+03	61.66	99.25	8.97

500000.0	1	1638297492.3520074	8.548e+04	1.504e+04	1.802e+04	5.464e+04	1.377e+03	6.278e+03	6.418e+03	61.68	99.21	8.96

500000.0	1	1638297493.3172882	8.577e+04	1.496e+04	1.794e+04	5.470e+04	1.385e+03	6.329e+03	6.426e+03	61.68	99.29	8.99

500000.0	1	1638297494.3465872	8.612e+04	1.489e+04	1.785e+04	5.458e+04	1.392e+03	6.378e+03	6.436e+03	61.68	99.25	9.00

500000.0	1	1638297495.309988	8.612e+04	1.477e+04	1.778e+04	5.433e+04	1.400e+03	6.429e+03	6.444e+03	61.72	99.25	8.97

############################################################_BOMBA_LIGADA_############################################################
1	500000.0	1638297501.310262	9.245e+04	1.201e+04	1.741e+04	5.133e+04	1.486e+03	6.748e+03	6.521e+03	61.17	54.74	5.66

500000.0	500000.0	1638297502.3083346	9.604e+04	1.158e+04	1.718e+04	4.832e+04	1.510e+03	6.933e+03	6.557e+03	60.98	54.55	5.09

500000.0	500000.0	1638297503.351314	9.891e+04	1.113e+04	1.674e+04	4.697e+04	1.544e+03	7.242e+03	6.604e+03	60.81	54.98	4.65

500000.0	500000.0	1638297504.308804	1.018e+05	1.078e+04	1.619e+04	4.613e+04	1.574e+03	7.603e+03	6.645e+03	60.61	54.55	4.68

500000.0	500000.0	1638297505.3360674	1.037e+05	1.041e+04	1.563e+04	4.572e+04	1.605e+03	8.008e+03	6.686e+03	60.51	54.66	4.46

500000.0	500000.0	1638297506.2822897	1.052e+05	1.010e+04	1.509e+04	4.572e+04	1.634e+03	8.410e+03	6.722e+03	60.38	54.70	4.35

500000.0	500000.0	1638297507.2966242	1.062e+05	9.844e+03	1.461e+04	4.586e+04	1.660e+03	8.785e+03	6.755e+03	60.26	54.82	4.37

500000.0	500000.0	1638297508.2887123	1.070e+05	9.638e+03	1.424e+04	4.568e+04	1.683e+03	9.103e+03	6.774e+03	60.18	54.51	4.30

500000.0	500000.0	1638297509.3038282	1.076e+05	9.440e+03	1.392e+04	4.586e+04	1.703e+03	9.379e+03	6.799e+03	60.12	54.59	4.30

500000.0	500000.0	1638297510.33624	1.078e+05	9.250e+03	1.367e+04	4.609e+04	1.723e+03	9.613e+03	6.815e+03	60.04	54.70	4.20

500000.0	500000.0	1638297511.2847793	1.083e+05	9.082e+03	1.350e+04	4.641e+04	1.738e+03	9.798e+03	6.834e+03	59.92	54.78	4.27

500000.0	500000.0	1638297512.33503	1.086e+05	8.951e+03	1.336e+04	4.669e+04	1.753e+03	9.942e+03	6.849e+03	59.85	54.94	4.09

500000.0	500000.0	1638297513.3018866	1.089e+05	8.849e+03	1.328e+04	4.683e+04	1.768e+03	1.004e+04	6.861e+03	59.78	54.70	4.35

500000.0	500000.0	1638297514.2848217	1.092e+05	8.748e+03	1.323e+04	4.711e+04	1.780e+03	1.011e+04	6.871e+03	59.71	54.66	4.27

500000.0	500000.0	1638297515.2968	1.091e+05	8.647e+03	1.319e+04	4.735e+04	1.791e+03	1.018e+04	6.881e+03	59.68	54.82	4.23

500000.0	500000.0	1638297516.282416	1.095e+05	8.574e+03	1.319e+04	4.768e+04	1.800e+03	1.020e+04	6.890e+03	59.62	54.62	4.12

500000.0	500000.0	1638297517.301644	1.094e+05	8.452e+03	1.319e+04	4.793e+04	1.810e+03	1.022e+04	6.898e+03	59.57	54.78	4.06

500000.0	500000.0	1638297518.2803872	1.098e+05	8.351e+03	1.320e+04	4.813e+04	1.818e+03	1.025e+04	6.905e+03	59.51	54.74	4.18

500000.0	500000.0	1638297519.2902992	1.096e+05	8.301e+03	1.321e+04	4.842e+04	1.827e+03	1.025e+04	6.910e+03	59.46	54.70	4.14

500000.0	500000.0	1638297520.3279493	1.097e+05	8.244e+03	1.323e+04	4.873e+04	1.833e+03	1.026e+04	6.913e+03	59.42	54.78	4.18

500000.0	500000.0	1638297521.3289592	1.098e+05	8.201e+03	1.325e+04	4.888e+04	1.837e+03	1.026e+04	6.920e+03	59.38	54.66	4.11

500000.0	500000.0	1638297522.2899795	1.100e+05	8.143e+03	1.327e+04	4.929e+04	1.847e+03	1.026e+04	6.927e+03	59.32	54.66	4.18

500000.0	500000.0	1638297523.2900536	1.099e+05	8.107e+03	1.329e+04	4.955e+04	1.851e+03	1.026e+04	6.934e+03	59.29	54.82	4.10

500000.0	500000.0	1638297524.290408	1.100e+05	8.072e+03	1.331e+04	4.981e+04	1.856e+03	1.026e+04	6.936e+03	59.24	54.74	4.18

500000.0	500000.0	1638297525.3212926	1.102e+05	8.036e+03	1.333e+04	5.002e+04	1.862e+03	1.026e+04	6.939e+03	59.23	54.66	4.04

500000.0	500000.0	1638297526.314324	1.104e+05	7.979e+03	1.335e+04	5.034e+04	1.868e+03	1.025e+04	6.944e+03	59.18	54.70	4.12

500000.0	500000.0	1638297527.3213093	1.102e+05	7.950e+03	1.337e+04	5.040e+04	1.863e+03	1.023e+04	6.947e+03	59.14	54.62	4.21

500000.0	500000.0	1638297528.2858987	1.102e+05	7.922e+03	1.340e+04	5.083e+04	1.873e+03	1.024e+04	6.949e+03	59.15	54.62	4.18

500000.0	500000.0	1638297529.315347	1.106e+05	7.908e+03	1.341e+04	5.100e+04	1.880e+03	1.023e+04	6.954e+03	59.10	54.55	4.18

500000.0	500000.0	1638297531.2693465	1.104e+05	7.851e+03	1.343e+04	5.155e+04	1.886e+03	1.025e+04	6.961e+03	59.08	54.78	4.15

500000.0	500000.0	1638297532.2811902	1.104e+05	7.836e+03	1.343e+04	5.189e+04	1.890e+03	1.025e+04	6.965e+03	59.04	54.74	4.22

500000.0	500000.0	1638297533.2654734	1.105e+05	7.808e+03	1.344e+04	5.206e+04	1.895e+03	1.026e+04	6.968e+03	59.02	54.74	4.17

500000.0	500000.0	1638297534.3152213	1.104e+05	7.772e+03	1.344e+04	5.235e+04	1.897e+03	1.026e+04	6.971e+03	59.03	54.70	4.11

500000.0	500000.0	1638297535.2641172	1.107e+05	7.765e+03	1.344e+04	5.247e+04	1.903e+03	1.026e+04	6.971e+03	59.01	54.47	4.09

500000.0	500000.0	1638297536.267169	1.107e+05	7.737e+03	1.344e+04	5.276e+04	1.906e+03	1.027e+04	6.977e+03	59.01	54.90	4.11

500000.0	500000.0	1638297537.2518563	1.108e+05	7.737e+03	1.345e+04	5.294e+04	1.909e+03	1.028e+04	6.978e+03	59.01	54.74	4.14

500000.0	500000.0	1638297538.262472	1.107e+05	7.723e+03	1.345e+04	5.311e+04	1.914e+03	1.029e+04	6.978e+03	58.98	54.86	4.10

500000.0	500000.0	1638297539.262932	1.110e+05	7.708e+03	1.346e+04	5.335e+04	1.915e+03	1.029e+04	6.983e+03	58.97	54.70	4.11

500000.0	500000.0	1638297540.2664378	1.105e+05	7.701e+03	1.346e+04	5.353e+04	1.919e+03	1.030e+04	6.982e+03	58.96	54.70	4.10

500000.0	500000.0	1638297542.2718582	1.083e+05	7.680e+03	1.346e+04	5.396e+04	1.924e+03	1.030e+04	6.989e+03	58.91	54.62	4.23

500000.0	500000.0	1638297543.2595465	1.113e+05	7.673e+03	1.346e+04	5.420e+04	1.928e+03	1.031e+04	6.990e+03	58.89	54.66	4.10

500000.0	500000.0	1638297545.2568603	1.114e+05	7.652e+03	1.345e+04	5.451e+04	1.935e+03	1.033e+04	6.995e+03	58.89	54.70	4.16

500000.0	500000.0	1638297546.2591124	1.112e+05	7.645e+03	1.345e+04	5.464e+04	1.936e+03	1.034e+04	6.997e+03	58.88	54.78	4.17

500000.0	500000.0	1638297547.2540858	1.113e+05	7.602e+03	1.345e+04	5.502e+04	1.939e+03	1.035e+04	7.001e+03	58.88	54.86	4.18

500000.0	500000.0	1638297548.262223	1.109e+05	7.595e+03	1.344e+04	5.508e+04	1.942e+03	1.036e+04	7.001e+03	58.88	54.82	4.15

500000.0	500000.0	1638297550.2940502	1.116e+05	7.517e+03	1.344e+04	5.527e+04	1.947e+03	1.037e+04	7.004e+03	58.85	54.74	4.18

500000.0	500000.0	1638297551.256739	1.114e+05	7.489e+03	1.344e+04	5.560e+04	1.949e+03	1.037e+04	7.006e+03	58.84	54.78	4.14

500000.0	500000.0	1638297553.2536774	1.111e+05	7.460e+03	1.342e+04	5.586e+04	1.953e+03	1.040e+04	7.011e+03	58.82	54.74	4.20

500000.0	500000.0	1638297554.252937	1.112e+05	7.468e+03	1.340e+04	5.592e+04	1.955e+03	1.041e+04	7.009e+03	58.82	54.66	4.09

500000.0	500000.0	1638297555.241036	1.117e+05	7.446e+03	1.340e+04	5.612e+04	1.957e+03	1.042e+04	7.014e+03	58.79	54.66	4.02

500000.0	500000.0	1638297556.2518253	1.112e+05	7.439e+03	1.340e+04	5.638e+04	1.957e+03	1.044e+04	7.013e+03	58.82	54.78	4.25

500000.0	500000.0	1638297557.2417636	1.117e+05	7.439e+03	1.339e+04	5.652e+04	1.963e+03	1.045e+04	7.016e+03	58.78	54.78	4.13

500000.0	500000.0	1638297558.241455	1.117e+05	7.432e+03	1.337e+04	5.652e+04	1.963e+03	1.045e+04	7.018e+03	58.79	54.86	4.14

500000.0	500000.0	1638297559.2374806	1.118e+05	7.425e+03	1.337e+04	5.685e+04	1.970e+03	1.047e+04	7.020e+03	58.77	54.70	4.01

500000.0	500000.0	1638297560.2901022	1.119e+05	7.425e+03	1.335e+04	5.685e+04	1.971e+03	1.050e+04	7.023e+03	58.74	54.82	4.04

##########################################################_BOMBA_DESLIGADA_###########################################################
#####################################################_CICLO_FINALIZADO_3_DE_5_#####################################################
1	1	1638297624.1762304	1.110e+05	7.305e+03	7.511e+03	6.579e+04	2.805e+03	1.739e+04	7.559e+03	61.40	99.21	6.60

500000.0	1	1638297625.1908853	1.110e+05	7.305e+03	7.451e+03	6.561e+04	2.813e+03	1.750e+04	7.561e+03	61.44	99.29	6.56

#####################################################_CICLO_INICIADO_4_DE_5_#####################################################
500000.0	1	1638297626.1829739	1.107e+05	7.305e+03	7.421e+03	6.543e+04	2.824e+03	1.758e+04	7.564e+03	61.46	99.13	6.55

############################################################_BOMBA_LIGADA_############################################################
1	500000.0	1638297631.2193887	9.647e+04	7.305e+03	7.992e+03	6.561e+04	2.652e+03	1.652e+04	7.480e+03	61.47	69.50	6.09

500000.0	500000.0	1638297632.182254	7.497e+04	7.305e+03	1.467e+04	6.223e+04	2.032e+03	9.568e+03	7.045e+03	61.52	68.80	6.37

500000.0	500000.0	1638297634.1777582	6.294e+04	9.455e+03	2.320e+04	5.845e+04	1.271e+03	4.302e+03	6.244e+03	61.60	68.72	6.84

500000.0	500000.0	1638297635.1769147	6.214e+04	1.174e+04	2.450e+04	5.754e+04	1.121e+03	3.724e+03	6.047e+03	61.65	68.87	6.82

500000.0	500000.0	1638297636.1594238	6.234e+04	1.506e+04	2.501e+04	5.713e+04	1.040e+03	3.469e+03	5.930e+03	61.64	68.80	6.89

500000.0	500000.0	1638297637.2153862	6.287e+04	1.607e+04	2.509e+04	5.692e+04	9.923e+02	3.365e+03	5.857e+03	61.69	68.84	7.07

500000.0	500000.0	1638297638.1670692	6.341e+04	1.677e+04	2.497e+04	5.658e+04	9.663e+02	3.332e+03	5.809e+03	61.70	68.95	6.87

500000.0	500000.0	1638297639.175747	6.376e+04	1.724e+04	2.476e+04	5.632e+04	9.486e+02	3.339e+03	5.781e+03	61.72	68.80	6.92

500000.0	500000.0	1638297640.2062213	6.424e+04	1.762e+04	2.449e+04	5.619e+04	9.385e+02	3.370e+03	5.759e+03	61.73	69.03	7.04

500000.0	500000.0	1638297642.15568	6.470e+04	1.816e+04	2.389e+04	5.605e+04	9.283e+02	3.463e+03	5.733e+03	61.74	69.19	7.07

500000.0	500000.0	1638297643.17342	6.495e+04	1.836e+04	2.361e+04	5.605e+04	9.276e+02	3.512e+03	5.722e+03	61.73	69.11	7.08

500000.0	500000.0	1638297644.1486518	6.509e+04	1.853e+04	2.335e+04	5.599e+04	9.263e+02	3.559e+03	5.715e+03	61.74	69.11	7.24

500000.0	500000.0	1638297646.1527848	6.523e+04	1.885e+04	2.289e+04	5.619e+04	9.270e+02	3.638e+03	5.699e+03	61.72	69.30	7.17

500000.0	500000.0	1638297648.1512628	6.513e+04	1.911e+04	2.254e+04	5.592e+04	9.263e+02	3.704e+03	5.684e+03	61.70	69.30	7.19

500000.0	500000.0	1638297649.21425	6.541e+04	1.924e+04	2.240e+04	5.592e+04	9.249e+02	3.732e+03	5.680e+03	61.70	69.19	7.19

##########################################################_BOMBA_DESLIGADA_###########################################################
1	1	1638297653.1627855	6.734e+04	2.004e+04	2.183e+04	5.612e+04	9.358e+02	3.847e+03	5.664e+03	61.85	99.25	9.39

500000.0	1	1638297654.1953554	6.960e+04	1.994e+04	2.172e+04	5.796e+04	9.500e+02	3.920e+03	5.699e+03	61.81	99.40	9.67

500000.0	1	1638297655.193048	7.116e+04	1.978e+04	2.165e+04	5.910e+04	9.656e+02	3.983e+03	5.729e+03	61.78	99.33	9.72

500000.0	1	1638297656.1898506	7.222e+04	1.967e+04	2.158e+04	5.976e+04	9.779e+02	4.041e+03	5.759e+03	61.74	99.09	9.86

500000.0	1	1638297657.1507308	7.282e+04	1.958e+04	2.148e+04	6.029e+04	9.909e+02	4.102e+03	5.784e+03	61.73	99.17	9.78

500000.0	1	1638297658.1553714	7.300e+04	1.952e+04	2.139e+04	6.051e+04	1.001e+03	4.159e+03	5.807e+03	61.70	99.05	9.69

500000.0	1	1638297659.187855	7.361e+04	1.949e+04	2.128e+04	6.082e+04	1.011e+03	4.214e+03	5.829e+03	61.69	99.21	9.70

500000.0	1	1638297660.1507976	7.397e+04	1.947e+04	2.120e+04	6.090e+04	1.021e+03	4.265e+03	5.845e+03	61.66	99.05	9.56

500000.0	1	1638297661.1864848	7.397e+04	1.943e+04	2.110e+04	6.097e+04	1.027e+03	4.318e+03	5.865e+03	61.70	99.33	9.51

500000.0	1	1638297662.148095	7.451e+04	1.938e+04	2.101e+04	6.090e+04	1.034e+03	4.364e+03	5.881e+03	61.68	99.29	9.54

500000.0	1	1638297663.147921	7.478e+04	1.933e+04	2.094e+04	6.051e+04	1.043e+03	4.407e+03	5.894e+03	61.66	99.09	9.49

500000.0	1	1638297664.147924	7.515e+04	1.928e+04	2.086e+04	6.082e+04	1.050e+03	4.450e+03	5.909e+03	61.64	99.17	9.55

500000.0	1	1638297665.1838365	7.547e+04	1.925e+04	2.079e+04	6.059e+04	1.057e+03	4.491e+03	5.928e+03	61.64	99.17	9.52

500000.0	1	1638297666.1593177	7.566e+04	1.918e+04	2.072e+04	6.044e+04	1.063e+03	4.534e+03	5.940e+03	61.65	99.33	9.59

500000.0	1	1638297667.1239033	7.589e+04	1.910e+04	2.067e+04	6.021e+04	1.068e+03	4.570e+03	5.952e+03	61.66	99.17	9.56

500000.0	1	1638297668.1813645	7.641e+04	1.904e+04	2.063e+04	6.006e+04	1.076e+03	4.603e+03	5.965e+03	61.64	99.13	9.48

500000.0	1	1638297669.1497033	7.665e+04	1.895e+04	2.056e+04	6.006e+04	1.082e+03	4.641e+03	5.982e+03	61.62	99.29	9.42

500000.0	1	1638297670.1310205	7.703e+04	1.888e+04	2.052e+04	5.984e+04	1.089e+03	4.675e+03	5.992e+03	61.60	99.13	9.47

500000.0	1	1638297671.1433253	7.713e+04	1.884e+04	2.046e+04	5.969e+04	1.095e+03	4.713e+03	6.007e+03	61.64	99.29	9.34

500000.0	1	1638297672.1295035	7.737e+04	1.872e+04	2.043e+04	5.939e+04	1.099e+03	4.747e+03	6.019e+03	61.64	99.13	9.35

500000.0	1	1638297673.137787	7.771e+04	1.865e+04	2.038e+04	5.924e+04	1.107e+03	4.775e+03	6.028e+03	61.64	99.01	9.48

500000.0	1	1638297674.1733377	7.815e+04	1.853e+04	2.033e+04	5.903e+04	1.113e+03	4.811e+03	6.042e+03	61.62	99.05	9.52

500000.0	1	1638297675.1300256	7.820e+04	1.847e+04	2.029e+04	5.881e+04	1.120e+03	4.841e+03	6.054e+03	61.60	99.01	9.36

500000.0	1	1638297676.125344	7.850e+04	1.838e+04	2.023e+04	5.895e+04	1.128e+03	4.881e+03	6.071e+03	61.60	99.40	9.24

500000.0	1	1638297677.122098	7.870e+04	1.828e+04	2.019e+04	5.845e+04	1.131e+03	4.912e+03	6.078e+03	61.62	99.13	9.37

500000.0	1	1638297678.1406372	7.900e+04	1.820e+04	2.013e+04	5.838e+04	1.140e+03	4.944e+03	6.092e+03	61.57	99.17	9.27

500000.0	1	1638297679.1201217	7.935e+04	1.812e+04	2.008e+04	5.824e+04	1.145e+03	4.978e+03	6.104e+03	61.59	99.13	9.14

500000.0	1	1638297680.1328976	7.951e+04	1.803e+04	2.003e+04	5.817e+04	1.152e+03	5.015e+03	6.113e+03	61.62	99.37	9.33

500000.0	1	1638297681.1277328	7.971e+04	1.791e+04	1.999e+04	5.782e+04	1.159e+03	5.043e+03	6.124e+03	61.59	98.97	9.30

500000.0	1	1638297682.1231244	7.997e+04	1.782e+04	1.993e+04	5.761e+04	1.164e+03	5.080e+03	6.132e+03	61.61	99.13	9.40

500000.0	1	1638297683.128612	8.012e+04	1.773e+04	1.988e+04	5.747e+04	1.171e+03	5.115e+03	6.144e+03	61.62	99.09	9.30

500000.0	1	1638297684.1291676	8.043e+04	1.765e+04	1.982e+04	5.754e+04	1.179e+03	5.154e+03	6.158e+03	61.60	99.44	9.21

500000.0	1	1638297685.1313334	8.080e+04	1.756e+04	1.975e+04	5.733e+04	1.186e+03	5.190e+03	6.168e+03	61.60	99.44	9.17

500000.0	1	1638297686.1126068	8.080e+04	1.746e+04	1.971e+04	5.713e+04	1.191e+03	5.227e+03	6.176e+03	61.62	99.29	9.21

500000.0	1	1638297687.1249628	8.122e+04	1.734e+04	1.965e+04	5.692e+04	1.202e+03	5.258e+03	6.187e+03	61.57	98.97	9.20

500000.0	1	1638297688.1218495	8.127e+04	1.726e+04	1.958e+04	5.692e+04	1.205e+03	5.299e+03	6.198e+03	61.60	99.37	9.13

500000.0	1	1638297689.1094522	8.154e+04	1.716e+04	1.952e+04	5.672e+04	1.214e+03	5.339e+03	6.208e+03	61.59	99.21	9.20

500000.0	1	1638297690.111646	8.180e+04	1.707e+04	1.946e+04	5.658e+04	1.220e+03	5.372e+03	6.218e+03	61.59	99.17	9.15

500000.0	1	1638297691.106381	8.186e+04	1.698e+04	1.939e+04	5.652e+04	1.228e+03	5.414e+03	6.230e+03	61.60	99.33	9.18

500000.0	1	1638297692.158522	8.245e+04	1.688e+04	1.934e+04	5.625e+04	1.234e+03	5.450e+03	6.239e+03	61.59	99.05	9.09

500000.0	1	1638297693.156928	8.223e+04	1.678e+04	1.926e+04	5.619e+04	1.239e+03	5.493e+03	6.247e+03	61.64	99.33	9.33

500000.0	1	1638297694.1676354	8.256e+04	1.668e+04	1.920e+04	5.612e+04	1.248e+03	5.534e+03	6.258e+03	61.61	99.33	9.17

500000.0	1	1638297695.1521273	8.272e+04	1.658e+04	1.914e+04	5.579e+04	1.256e+03	5.571e+03	6.266e+03	61.64	99.13	9.25

500000.0	1	1638297696.1657853	8.278e+04	1.651e+04	1.906e+04	5.586e+04	1.262e+03	5.616e+03	6.277e+03	61.62	99.33	9.14

500000.0	1	1638297697.1516564	8.311e+04	1.640e+04	1.899e+04	5.566e+04	1.270e+03	5.652e+03	6.283e+03	61.60	99.05	9.16

500000.0	1	1638297698.1511528	8.344e+04	1.630e+04	1.892e+04	5.560e+04	1.277e+03	5.696e+03	6.297e+03	61.61	99.33	9.08

500000.0	1	1638297699.1130133	8.355e+04	1.622e+04	1.885e+04	5.540e+04	1.285e+03	5.741e+03	6.303e+03	61.61	99.37	9.08

500000.0	1	1638297700.1161385	8.400e+04	1.611e+04	1.878e+04	5.527e+04	1.293e+03	5.778e+03	6.311e+03	61.61	99.05	9.06

500000.0	1	1638297701.147517	8.388e+04	1.602e+04	1.871e+04	5.508e+04	1.299e+03	5.821e+03	6.321e+03	61.62	99.13	9.11

500000.0	1	1638297702.141443	8.394e+04	1.593e+04	1.864e+04	5.508e+04	1.307e+03	5.871e+03	6.330e+03	61.62	99.29	9.13

500000.0	1	1638297703.1106727	8.433e+04	1.584e+04	1.856e+04	5.489e+04	1.314e+03	5.915e+03	6.341e+03	61.64	99.33	9.13

500000.0	1	1638297704.1065605	8.428e+04	1.574e+04	1.848e+04	5.489e+04	1.322e+03	5.958e+03	6.349e+03	61.62	99.17	9.05

500000.0	1	1638297705.1089242	8.445e+04	1.565e+04	1.841e+04	5.489e+04	1.330e+03	6.006e+03	6.357e+03	61.64	99.33	9.05

500000.0	1	1638297706.0909483	8.456e+04	1.556e+04	1.834e+04	5.464e+04	1.337e+03	6.053e+03	6.366e+03	61.65	99.21	9.20

500000.0	1	1638297707.1080656	8.473e+04	1.546e+04	1.826e+04	5.458e+04	1.346e+03	6.102e+03	6.374e+03	61.62	99.25	9.08

500000.0	1	1638297708.0911908	8.479e+04	1.537e+04	1.818e+04	5.458e+04	1.353e+03	6.147e+03	6.382e+03	61.62	99.29	9.14

500000.0	1	1638297709.1352873	8.525e+04	1.528e+04	1.810e+04	5.445e+04	1.363e+03	6.189e+03	6.393e+03	61.64	99.21	9.06

500000.0	1	1638297710.1382027	8.536e+04	1.519e+04	1.803e+04	5.439e+04	1.370e+03	6.243e+03	6.401e+03	61.65	99.25	9.16

500000.0	1	1638297711.0887165	8.536e+04	1.510e+04	1.794e+04	5.420e+04	1.378e+03	6.292e+03	6.411e+03	61.64	99.25	9.01

############################################################_BOMBA_LIGADA_############################################################
1	500000.0	1638297718.092855	9.165e+04	1.222e+04	1.749e+04	5.133e+04	1.471e+03	6.674e+03	6.506e+03	61.11	55.09	5.69

500000.0	500000.0	1638297719.1318457	9.590e+04	1.177e+04	1.727e+04	4.813e+04	1.499e+03	6.848e+03	6.540e+03	60.90	54.59	4.95

500000.0	500000.0	1638297720.0956388	9.891e+04	1.131e+04	1.683e+04	4.659e+04	1.529e+03	7.150e+03	6.584e+03	60.78	54.74	4.75

500000.0	500000.0	1638297721.0947268	1.017e+05	1.091e+04	1.630e+04	4.590e+04	1.561e+03	7.518e+03	6.631e+03	60.61	54.74	4.61

500000.0	500000.0	1638297722.0921106	1.036e+05	1.057e+04	1.573e+04	4.559e+04	1.590e+03	7.916e+03	6.676e+03	60.47	54.66	4.46

500000.0	500000.0	1638297723.1225631	1.048e+05	1.024e+04	1.520e+04	4.554e+04	1.619e+03	8.311e+03	6.709e+03	60.36	54.66	4.25

500000.0	500000.0	1638297724.0705512	1.062e+05	9.978e+03	1.473e+04	4.541e+04	1.645e+03	8.668e+03	6.739e+03	60.22	54.43	4.29

500000.0	500000.0	1638297725.0915363	1.068e+05	9.734e+03	1.434e+04	4.559e+04	1.665e+03	8.994e+03	6.767e+03	60.11	54.59	4.16

500000.0	500000.0	1638297726.1269283	1.074e+05	9.528e+03	1.402e+04	4.577e+04	1.691e+03	9.281e+03	6.789e+03	60.02	54.66	4.21

500000.0	500000.0	1638297727.0875	1.078e+05	9.367e+03	1.379e+04	4.586e+04	1.708e+03	9.499e+03	6.805e+03	59.94	54.62	4.31

500000.0	500000.0	1638297728.085265	1.082e+05	9.184e+03	1.361e+04	4.609e+04	1.722e+03	9.678e+03	6.824e+03	59.86	54.78	4.28

500000.0	500000.0	1638297729.0881505	1.081e+05	9.060e+03	1.349e+04	4.636e+04	1.738e+03	9.816e+03	6.836e+03	59.80	54.55	4.28

500000.0	500000.0	1638297730.0822775	1.089e+05	8.936e+03	1.340e+04	4.664e+04	1.752e+03	9.921e+03	6.847e+03	59.74	54.62	4.34

500000.0	500000.0	1638297731.0725455	1.091e+05	8.813e+03	1.334e+04	4.687e+04	1.765e+03	1.000e+04	6.861e+03	59.68	54.70	4.18

500000.0	500000.0	1638297732.1188812	1.090e+05	8.726e+03	1.331e+04	4.711e+04	1.776e+03	1.006e+04	6.871e+03	59.60	54.70	4.05

500000.0	500000.0	1638297733.068875	1.093e+05	8.632e+03	1.329e+04	4.740e+04	1.785e+03	1.010e+04	6.881e+03	59.54	54.66	4.10

500000.0	500000.0	1638297734.117229	1.093e+05	8.560e+03	1.329e+04	4.773e+04	1.796e+03	1.012e+04	6.888e+03	59.49	54.66	4.11

500000.0	500000.0	1638297735.0695093	1.097e+05	8.459e+03	1.330e+04	4.798e+04	1.804e+03	1.014e+04	6.896e+03	59.46	54.62	4.14

500000.0	500000.0	1638297736.078454	1.096e+05	8.358e+03	1.332e+04	4.827e+04	1.810e+03	1.014e+04	6.903e+03	59.41	54.59	4.17

500000.0	500000.0	1638297737.0784569	1.098e+05	8.308e+03	1.333e+04	4.857e+04	1.817e+03	1.015e+04	6.908e+03	59.37	54.74	4.15

500000.0	500000.0	1638297738.1116705	1.097e+05	8.244e+03	1.335e+04	4.868e+04	1.825e+03	1.014e+04	6.915e+03	59.33	54.66	4.18

500000.0	500000.0	1638297739.109734	1.099e+05	8.215e+03	1.338e+04	4.898e+04	1.830e+03	1.015e+04	6.919e+03	59.26	54.70	4.19

500000.0	500000.0	1638297740.1095603	1.099e+05	8.158e+03	1.340e+04	4.934e+04	1.837e+03	1.016e+04	6.922e+03	59.23	54.66	4.22

500000.0	500000.0	1638297741.0735633	1.100e+05	8.115e+03	1.342e+04	4.960e+04	1.842e+03	1.015e+04	6.930e+03	59.21	54.74	4.16

500000.0	500000.0	1638297742.0728815	1.102e+05	8.079e+03	1.344e+04	4.992e+04	1.847e+03	1.015e+04	6.932e+03	59.20	54.62	4.00

500000.0	500000.0	1638297743.075555	1.100e+05	8.022e+03	1.345e+04	5.007e+04	1.852e+03	1.015e+04	6.937e+03	59.18	54.62	4.14

500000.0	500000.0	1638297744.065786	1.102e+05	8.000e+03	1.346e+04	5.029e+04	1.856e+03	1.015e+04	6.942e+03	59.14	54.62	4.21

500000.0	500000.0	1638297745.057112	1.102e+05	7.972e+03	1.348e+04	5.067e+04	1.859e+03	1.015e+04	6.946e+03	59.12	54.70	4.18

500000.0	500000.0	1638297746.102953	1.104e+05	7.936e+03	1.349e+04	5.089e+04	1.865e+03	1.015e+04	6.949e+03	59.07	54.66	4.25

500000.0	500000.0	1638297747.068406	1.105e+05	7.908e+03	1.350e+04	5.127e+04	1.869e+03	1.016e+04	6.951e+03	59.06	54.78	4.16

500000.0	500000.0	1638297748.0651488	1.104e+05	7.865e+03	1.351e+04	5.138e+04	1.874e+03	1.016e+04	6.954e+03	59.03	54.66	4.08

500000.0	500000.0	1638297749.0656266	1.104e+05	7.865e+03	1.351e+04	5.161e+04	1.877e+03	1.017e+04	6.959e+03	59.04	54.59	4.22

500000.0	500000.0	1638297750.045381	1.102e+05	7.836e+03	1.350e+04	5.183e+04	1.883e+03	1.019e+04	6.965e+03	59.01	54.66	4.05

500000.0	500000.0	1638297751.060515	1.104e+05	7.815e+03	1.350e+04	5.206e+04	1.886e+03	1.020e+04	6.968e+03	59.02	54.66	4.14

500000.0	500000.0	1638297752.0662594	1.110e+05	7.787e+03	1.350e+04	5.247e+04	1.890e+03	1.022e+04	6.971e+03	58.97	54.66	4.24

500000.0	500000.0	1638297755.0988505	1.112e+05	7.737e+03	1.349e+04	5.299e+04	1.903e+03	1.025e+04	6.978e+03	58.91	54.74	4.10

500000.0	500000.0	1638297756.0598588	1.114e+05	7.723e+03	1.348e+04	5.323e+04	1.904e+03	1.027e+04	6.980e+03	58.92	54.78	4.21

500000.0	500000.0	1638297758.054816	1.110e+05	7.715e+03	1.346e+04	5.359e+04	1.909e+03	1.029e+04	6.987e+03	58.88	54.74	4.15

500000.0	500000.0	1638297759.038513	1.109e+05	7.687e+03	1.346e+04	5.353e+04	1.915e+03	1.030e+04	6.989e+03	58.88	54.78	4.07

500000.0	500000.0	1638297760.0878837	1.109e+05	7.673e+03	1.348e+04	5.408e+04	1.917e+03	1.030e+04	6.992e+03	58.88	54.86	4.14

500000.0	500000.0	1638297761.0894969	1.115e+05	7.666e+03	1.348e+04	5.420e+04	1.920e+03	1.030e+04	6.990e+03	58.85	54.74	4.16

##########################################################_BOMBA_DESLIGADA_###########################################################
#####################################################_CICLO_FINALIZADO_4_DE_5_#####################################################
1	1	1638297840.0110633	1.132e+05	7.333e+03	1.279e+04	6.105e+04	2.085e+03	1.119e+04	7.082e+03	58.49	54.62	3.96

500000.0	1	1638297841.0099754	1.127e+05	7.333e+03	1.276e+04	6.113e+04	2.086e+03	1.121e+04	7.080e+03	58.54	54.90	3.97

#####################################################_CICLO_INICIADO_5_DE_5_#####################################################
############################################################_BOMBA_LIGADA_############################################################
1	500000.0	1638297848.0157828	6.277e+04	1.698e+04	2.331e+04	6.439e+04	1.048e+03	3.693e+03	5.818e+03	59.41	69.69	6.85

500000.0	500000.0	1638297850.9399092	6.287e+04	1.984e+04	2.445e+04	6.413e+04	9.034e+02	3.208e+03	5.614e+03	59.94	69.89	7.27

500000.0	500000.0	1638297851.9476247	6.362e+04	2.017e+04	2.431e+04	6.422e+04	8.926e+02	3.211e+03	5.597e+03	60.02	69.58	7.17

500000.0	500000.0	1638297855.0539737	6.456e+04	2.074e+04	2.346e+04	6.371e+04	8.906e+02	3.372e+03	5.588e+03	60.28	69.85	7.20

500000.0	500000.0	1638297859.9514947	6.505e+04	2.109e+04	2.243e+04	6.304e+04	9.034e+02	3.596e+03	5.580e+03	60.55	70.08	7.46

500000.0	500000.0	1638297860.988579	6.516e+04	2.113e+04	2.226e+04	6.272e+04	9.061e+02	3.631e+03	5.580e+03	60.56	69.85	7.53

500000.0	500000.0	1638297863.9382513	6.531e+04	2.125e+04	2.189e+04	6.215e+04	9.128e+02	3.712e+03	5.576e+03	60.66	69.73	7.56

500000.0	500000.0	1638297866.946763	6.538e+04	2.139e+04	2.162e+04	6.175e+04	9.195e+02	3.772e+03	5.575e+03	60.70	70.16	7.46

##########################################################_BOMBA_DESLIGADA_###########################################################
1	1	1638297869.931048	6.779e+04	2.171e+04	2.130e+04	6.199e+04	9.317e+02	3.877e+03	5.593e+03	60.97	99.52	9.71

500000.0	1	1638297870.9914315	7.041e+04	2.146e+04	2.124e+04	6.354e+04	9.514e+02	3.934e+03	5.630e+03	60.85	99.17	10.10

500000.0	1	1638297871.942815	7.158e+04	2.124e+04	2.120e+04	6.430e+04	9.636e+02	4.003e+03	5.666e+03	60.87	98.94	10.08

500000.0	1	1638297872.9721034	7.230e+04	2.107e+04	2.114e+04	6.491e+04	9.759e+02	4.067e+03	5.696e+03	60.92	98.90	9.97

500000.0	1	1638297873.9406328	7.300e+04	2.093e+04	2.107e+04	6.534e+04	9.902e+02	4.123e+03	5.722e+03	60.87	98.86	9.94

500000.0	1	1638297874.9889212	7.352e+04	2.081e+04	2.097e+04	6.579e+04	1.003e+03	4.178e+03	5.749e+03	60.83	99.09	9.75

500000.0	1	1638297875.9368575	7.379e+04	2.073e+04	2.089e+04	6.543e+04	1.010e+03	4.240e+03	5.772e+03	60.94	99.48	9.70

500000.0	1	1638297876.9694118	7.433e+04	2.064e+04	2.082e+04	6.534e+04	1.021e+03	4.286e+03	5.788e+03	60.89	98.97	9.75

500000.0	1	1638297877.9205844	7.437e+04	2.056e+04	2.073e+04	6.561e+04	1.028e+03	4.346e+03	5.815e+03	60.92	99.56	9.62

500000.0	1	1638297878.9344735	7.483e+04	2.047e+04	2.064e+04	6.561e+04	1.037e+03	4.393e+03	5.832e+03	60.90	99.60	9.62

500000.0	1	1638297879.9327178	7.524e+04	2.037e+04	2.060e+04	6.499e+04	1.045e+03	4.431e+03	5.845e+03	60.92	99.17	9.78

500000.0	1	1638297880.9820426	7.561e+04	2.027e+04	2.053e+04	6.465e+04	1.052e+03	4.472e+03	5.860e+03	60.90	98.97	9.62

500000.0	1	1638297881.9627616	7.575e+04	2.016e+04	2.048e+04	6.465e+04	1.058e+03	4.520e+03	5.881e+03	60.90	98.86	9.62

500000.0	1	1638297882.9136739	7.632e+04	2.008e+04	2.042e+04	6.456e+04	1.067e+03	4.563e+03	5.899e+03	60.89	99.40	9.48

500000.0	1	1638297883.9295728	7.670e+04	1.996e+04	2.035e+04	6.430e+04	1.075e+03	4.593e+03	5.913e+03	60.87	99.05	9.36

500000.0	1	1638297884.9598515	7.684e+04	1.985e+04	2.032e+04	6.388e+04	1.083e+03	4.632e+03	5.928e+03	60.87	99.13	9.36

500000.0	1	1638297885.9143195	7.698e+04	1.976e+04	2.027e+04	6.405e+04	1.088e+03	4.677e+03	5.946e+03	60.92	99.56	9.43

500000.0	1	1638297886.927536	7.722e+04	1.967e+04	2.023e+04	6.346e+04	1.093e+03	4.714e+03	5.961e+03	60.93	99.52	9.39

500000.0	1	1638297887.9268324	7.761e+04	1.952e+04	2.019e+04	6.280e+04	1.100e+03	4.740e+03	5.973e+03	60.90	98.97	9.44

500000.0	1	1638297888.9143395	7.830e+04	1.943e+04	2.015e+04	6.288e+04	1.108e+03	4.775e+03	5.985e+03	60.89	99.09	9.33

500000.0	1	1638297889.9031372	7.840e+04	1.930e+04	2.010e+04	6.272e+04	1.113e+03	4.812e+03	6.003e+03	60.89	99.29	9.31

500000.0	1	1638297890.9222424	7.845e+04	1.920e+04	2.008e+04	6.239e+04	1.116e+03	4.845e+03	6.015e+03	60.92	99.01	9.49

500000.0	1	1638297891.9521265	7.905e+04	1.906e+04	2.002e+04	6.207e+04	1.127e+03	4.877e+03	6.028e+03	60.89	99.13	9.38

500000.0	1	1638297892.9706078	7.910e+04	1.896e+04	1.999e+04	6.160e+04	1.131e+03	4.911e+03	6.039e+03	60.95	99.09	9.40

500000.0	1	1638297893.9183655	7.961e+04	1.885e+04	1.996e+04	6.136e+04	1.140e+03	4.942e+03	6.053e+03	60.93	98.97	9.33

500000.0	1	1638297894.915888	7.951e+04	1.873e+04	1.989e+04	6.160e+04	1.144e+03	4.986e+03	6.071e+03	60.97	99.52	9.18

500000.0	1	1638297895.9193208	8.002e+04	1.861e+04	1.985e+04	6.144e+04	1.153e+03	5.018e+03	6.083e+03	60.93	99.37	9.17

500000.0	1	1638297896.9590683	7.991e+04	1.850e+04	1.981e+04	6.097e+04	1.157e+03	5.055e+03	6.092e+03	60.98	99.56	9.14

500000.0	1	1638297897.9496753	8.069e+04	1.838e+04	1.978e+04	6.029e+04	1.166e+03	5.080e+03	6.103e+03	60.98	99.01	9.31

500000.0	1	1638297898.9038298	8.080e+04	1.828e+04	1.971e+04	6.074e+04	1.174e+03	5.125e+03	6.119e+03	60.98	99.60	9.27

500000.0	1	1638297899.9368312	8.054e+04	1.817e+04	1.966e+04	6.036e+04	1.177e+03	5.164e+03	6.132e+03	60.98	99.56	9.08

500000.0	1	1638297900.9447715	8.143e+04	1.804e+04	1.962e+04	6.013e+04	1.187e+03	5.186e+03	6.139e+03	60.92	99.09	9.22

500000.0	1	1638297901.9119368	8.074e+04	1.791e+04	1.955e+04	5.969e+04	1.190e+03	5.236e+03	6.153e+03	61.03	99.44	9.05

500000.0	1	1638297902.909573	8.180e+04	1.781e+04	1.951e+04	5.976e+04	1.200e+03	5.260e+03	6.165e+03	60.89	99.05	9.19

500000.0	1	1638297903.942975	8.218e+04	1.771e+04	1.945e+04	5.954e+04	1.209e+03	5.307e+03	6.178e+03	60.97	99.37	9.31

500000.0	1	1638297904.893376	8.191e+04	1.759e+04	1.942e+04	5.903e+04	1.213e+03	5.339e+03	6.187e+03	60.98	98.94	9.30

500000.0	1	1638297905.9086232	8.256e+04	1.747e+04	1.935e+04	5.924e+04	1.222e+03	5.373e+03	6.199e+03	60.92	99.13	9.26

500000.0	1	1638297906.945174	8.278e+04	1.738e+04	1.930e+04	5.845e+04	1.226e+03	5.409e+03	6.207e+03	61.03	99.01	8.95

500000.0	1	1638297907.9375298	8.300e+04	1.726e+04	1.922e+04	5.874e+04	1.236e+03	5.459e+03	6.222e+03	61.01	99.44	9.06

500000.0	1	1638297908.9018712	8.250e+04	1.715e+04	1.916e+04	5.831e+04	1.239e+03	5.503e+03	6.230e+03	61.06	99.48	8.99

500000.0	1	1638297909.8996682	8.300e+04	1.703e+04	1.912e+04	5.817e+04	1.247e+03	5.534e+03	6.241e+03	61.03	98.86	9.15

500000.0	1	1638297910.9474878	8.311e+04	1.693e+04	1.906e+04	5.803e+04	1.255e+03	5.577e+03	6.249e+03	60.99	98.90	9.30

500000.0	1	1638297911.9044595	8.377e+04	1.683e+04	1.899e+04	5.754e+04	1.264e+03	5.611e+03	6.258e+03	61.04	98.97	9.13

500000.0	1	1638297912.8808205	8.338e+04	1.672e+04	1.893e+04	5.775e+04	1.270e+03	5.655e+03	6.271e+03	60.99	99.05	9.01

500000.0	1	1638297913.8809001	8.366e+04	1.662e+04	1.884e+04	5.789e+04	1.277e+03	5.709e+03	6.283e+03	61.03	99.56	8.93

500000.0	1	1638297914.8942373	8.388e+04	1.649e+04	1.877e+04	5.768e+04	1.286e+03	5.747e+03	6.295e+03	60.97	99.25	9.01

500000.0	1	1638297915.8830018	8.394e+04	1.638e+04	1.872e+04	5.699e+04	1.290e+03	5.790e+03	6.300e+03	61.13	99.40	9.08

500000.0	1	1638297916.896488	8.479e+04	1.628e+04	1.865e+04	5.685e+04	1.297e+03	5.830e+03	6.306e+03	61.15	99.33	8.97

500000.0	1	1638297917.882132	8.439e+04	1.618e+04	1.856e+04	5.706e+04	1.305e+03	5.881e+03	6.322e+03	61.10	99.48	8.88

500000.0	1	1638297918.9286804	8.502e+04	1.608e+04	1.851e+04	5.692e+04	1.317e+03	5.922e+03	6.336e+03	60.99	99.25	8.98

500000.0	1	1638297919.8924701	8.456e+04	1.599e+04	1.843e+04	5.685e+04	1.322e+03	5.973e+03	6.344e+03	61.10	99.52	8.91

500000.0	1	1638297920.893609	8.502e+04	1.588e+04	1.836e+04	5.672e+04	1.332e+03	6.015e+03	6.352e+03	61.08	99.48	8.90

500000.0	1	1638297921.89284	8.554e+04	1.577e+04	1.829e+04	5.645e+04	1.342e+03	6.046e+03	6.358e+03	61.03	99.09	9.03

500000.0	1	1638297922.9220874	8.595e+04	1.567e+04	1.823e+04	5.619e+04	1.349e+03	6.089e+03	6.361e+03	61.07	99.05	8.96

500000.0	1	1638297923.890401	8.565e+04	1.556e+04	1.815e+04	5.579e+04	1.353e+03	6.149e+03	6.376e+03	61.13	99.33	8.89

500000.0	1	1638297924.8859046	8.583e+04	1.547e+04	1.807e+04	5.632e+04	1.363e+03	6.202e+03	6.388e+03	61.10	99.56	8.97

500000.0	1	1638297925.92145	8.624e+04	1.537e+04	1.800e+04	5.612e+04	1.374e+03	6.237e+03	6.395e+03	61.03	99.09	8.85

500000.0	1	1638297926.8786101	8.600e+04	1.528e+04	1.792e+04	5.599e+04	1.377e+03	6.301e+03	6.407e+03	61.12	99.64	8.90

500000.0	1	1638297927.9330897	8.665e+04	1.517e+04	1.784e+04	5.579e+04	1.389e+03	6.346e+03	6.415e+03	61.10	99.40	9.18

500000.0	1	1638297928.8704815	8.624e+04	1.508e+04	1.779e+04	5.553e+04	1.394e+03	6.391e+03	6.423e+03	61.10	98.94	9.06

############################################################_BOMBA_LIGADA_############################################################
1	500000.0	1638297933.9131587	9.067e+04	1.247e+04	1.748e+04	5.540e+04	1.464e+03	6.659e+03	6.497e+03	60.74	55.44	6.50

500000.0	500000.0	1638297934.872672	9.366e+04	1.207e+04	1.740e+04	5.138e+04	1.481e+03	6.742e+03	6.516e+03	60.55	55.01	5.38

500000.0	500000.0	1638297935.8767245	9.742e+04	1.168e+04	1.711e+04	4.893e+04	1.508e+03	6.947e+03	6.555e+03	60.36	54.78	4.78

500000.0	500000.0	1638297936.9132755	1.002e+05	1.133e+04	1.666e+04	4.730e+04	1.536e+03	7.246e+03	6.591e+03	60.23	54.55	4.67

500000.0	500000.0	1638297937.875947	1.023e+05	1.096e+04	1.615e+04	4.673e+04	1.564e+03	7.607e+03	6.635e+03	60.10	54.43	4.55

500000.0	500000.0	1638297938.9059963	1.036e+05	1.061e+04	1.563e+04	4.650e+04	1.589e+03	7.974e+03	6.668e+03	60.02	54.74	4.40

500000.0	500000.0	1638297939.8585587	1.055e+05	1.037e+04	1.516e+04	4.627e+04	1.615e+03	8.313e+03	6.701e+03	59.91	54.43	4.31

500000.0	500000.0	1638297940.8629537	1.057e+05	1.012e+04	1.476e+04	4.636e+04	1.638e+03	8.633e+03	6.732e+03	59.78	54.35	4.24

500000.0	500000.0	1638297941.9044075	1.063e+05	9.874e+03	1.442e+04	4.678e+04	1.658e+03	8.916e+03	6.755e+03	59.71	55.05	4.12

500000.0	500000.0	1638297942.8675134	1.067e+05	9.675e+03	1.417e+04	4.683e+04	1.675e+03	9.138e+03	6.777e+03	59.64	55.05	4.11

500000.0	500000.0	1638297943.8587215	1.075e+05	9.572e+03	1.400e+04	4.664e+04	1.690e+03	9.304e+03	6.789e+03	59.58	54.39	4.32

500000.0	500000.0	1638297944.868531	1.076e+05	9.418e+03	1.387e+04	4.701e+04	1.704e+03	9.440e+03	6.804e+03	59.47	54.39	4.33

500000.0	500000.0	1638297945.904687	1.081e+05	9.293e+03	1.376e+04	4.706e+04	1.717e+03	9.541e+03	6.815e+03	59.40	54.55	4.25

500000.0	500000.0	1638297946.8630412	1.084e+05	9.177e+03	1.370e+04	4.730e+04	1.728e+03	9.626e+03	6.829e+03	59.37	54.51	4.21

500000.0	500000.0	1638297948.8951745	1.088e+05	8.980e+03	1.363e+04	4.778e+04	1.749e+03	9.739e+03	6.847e+03	59.21	54.51	4.09

500000.0	500000.0	1638297949.861746	1.092e+05	8.900e+03	1.359e+04	4.837e+04	1.757e+03	9.777e+03	6.859e+03	59.09	54.59	4.03

500000.0	500000.0	1638297950.8597045	1.094e+05	8.828e+03	1.359e+04	4.827e+04	1.765e+03	9.795e+03	6.861e+03	59.14	54.47	3.94

500000.0	500000.0	1638297951.8635392	1.091e+05	8.733e+03	1.361e+04	4.883e+04	1.773e+03	9.821e+03	6.873e+03	59.08	54.78	4.23

500000.0	500000.0	1638297952.8463652	1.092e+05	8.683e+03	1.363e+04	4.888e+04	1.776e+03	9.826e+03	6.874e+03	59.07	54.78	4.15

500000.0	500000.0	1638297953.8859148	1.092e+05	8.639e+03	1.365e+04	4.903e+04	1.780e+03	9.826e+03	6.881e+03	59.02	54.66	4.12

500000.0	500000.0	1638297954.843861	1.090e+05	8.560e+03	1.367e+04	4.950e+04	1.789e+03	9.836e+03	6.886e+03	59.01	55.05	4.21

500000.0	500000.0	1638297955.8505604	1.092e+05	8.517e+03	1.370e+04	4.955e+04	1.794e+03	9.821e+03	6.891e+03	58.96	54.59	4.23

500000.0	500000.0	1638297956.8900337	1.091e+05	8.380e+03	1.370e+04	5.007e+04	1.800e+03	9.826e+03	6.898e+03	58.92	54.94	4.11

500000.0	500000.0	1638297958.839958	1.096e+05	8.330e+03	1.376e+04	5.029e+04	1.807e+03	9.798e+03	6.902e+03	58.91	54.51	4.27

500000.0	500000.0	1638297960.8439057	1.094e+05	8.229e+03	1.381e+04	5.089e+04	1.816e+03	9.803e+03	6.912e+03	58.86	54.90	4.12

500000.0	500000.0	1638297961.844245	1.099e+05	8.193e+03	1.382e+04	5.122e+04	1.823e+03	9.798e+03	6.917e+03	58.79	54.74	4.12

500000.0	500000.0	1638297962.8519309	1.093e+05	8.172e+03	1.382e+04	5.150e+04	1.823e+03	9.805e+03	6.920e+03	58.82	55.01	4.15

500000.0	500000.0	1638297964.8440042	1.095e+05	8.107e+03	1.387e+04	5.183e+04	1.830e+03	9.800e+03	6.924e+03	58.77	54.86	4.26

500000.0	500000.0	1638297966.872561	1.102e+05	8.072e+03	1.388e+04	5.235e+04	1.838e+03	9.798e+03	6.932e+03	58.72	54.74	4.13

500000.0	500000.0	1638297967.8441017	1.099e+05	8.057e+03	1.389e+04	5.241e+04	1.840e+03	9.795e+03	6.932e+03	58.70	54.51	4.11

500000.0	500000.0	1638297968.878389	1.101e+05	8.029e+03	1.389e+04	5.258e+04	1.839e+03	9.800e+03	6.936e+03	58.70	54.43	4.08

500000.0	500000.0	1638297969.8295183	1.101e+05	7.965e+03	1.389e+04	5.311e+04	1.847e+03	9.821e+03	6.939e+03	58.66	54.98	4.13

500000.0	500000.0	1638297970.8370547	1.102e+05	7.957e+03	1.390e+04	5.305e+04	1.848e+03	9.813e+03	6.939e+03	58.68	54.51	4.12

500000.0	500000.0	1638297971.8299203	1.105e+05	7.943e+03	1.391e+04	5.329e+04	1.852e+03	9.823e+03	6.942e+03	58.65	54.59	4.15

500000.0	500000.0	1638297972.8416617	1.101e+05	7.908e+03	1.390e+04	5.341e+04	1.851e+03	9.834e+03	6.942e+03	58.70	54.82	4.06

500000.0	500000.0	1638297973.8283188	1.104e+05	7.915e+03	1.389e+04	5.377e+04	1.860e+03	9.841e+03	6.947e+03	58.60	54.59	4.09

500000.0	500000.0	1638297974.8380222	1.102e+05	7.872e+03	1.389e+04	5.408e+04	1.861e+03	9.859e+03	6.951e+03	58.65	54.98	4.07

500000.0	500000.0	1638297975.876396	1.102e+05	7.843e+03	1.388e+04	5.420e+04	1.864e+03	9.870e+03	6.953e+03	58.60	55.09	4.13

500000.0	500000.0	1638297980.8665671	1.102e+05	7.765e+03	1.386e+04	5.496e+04	1.877e+03	9.927e+03	6.963e+03	58.60	54.74	4.30

500000.0	500000.0	1638297981.8204923	1.105e+05	7.765e+03	1.385e+04	5.508e+04	1.880e+03	9.929e+03	6.966e+03	58.57	54.74	3.99

500000.0	500000.0	1638297985.863932	1.105e+05	7.723e+03	1.383e+04	5.566e+04	1.887e+03	9.968e+03	6.973e+03	58.55	54.78	4.17

500000.0	500000.0	1638297987.8306353	1.109e+05	7.715e+03	1.382e+04	5.586e+04	1.892e+03	9.979e+03	6.975e+03	58.55	54.51	4.18

500000.0	500000.0	1638297988.8593738	1.109e+05	7.694e+03	1.382e+04	5.612e+04	1.895e+03	9.989e+03	6.978e+03	58.52	54.66	3.99

500000.0	500000.0	1638297989.823655	1.105e+05	7.694e+03	1.382e+04	5.619e+04	1.894e+03	1.001e+04	6.978e+03	58.53	54.94	4.21

500000.0	500000.0	1638297990.8143158	1.105e+05	7.673e+03	1.380e+04	5.658e+04	1.896e+03	1.002e+04	6.982e+03	58.52	54.98	4.02

500000.0	500000.0	1638297992.8575888	1.105e+05	7.652e+03	1.378e+04	5.672e+04	1.903e+03	1.004e+04	6.980e+03	58.53	54.90	4.02

##########################################################_BOMBA_DESLIGADA_###########################################################
#####################################################_CICLO_FINALIZADO_5_DE_5_#####################################################
