1	1	1638367334.4521892	1.055e+05	7.305e+03	7.290e+03	5.127e+04	2.816e+03	1.787e+04	7.573e+03	60.64	99.48	7.56

500000.0	1	1638367335.4494867	1.054e+05	7.305e+03	7.260e+03	5.133e+04	2.821e+03	1.792e+04	7.575e+03	60.64	99.56	7.41

500000.0	1	1638367336.4452138	1.054e+05	7.305e+03	7.242e+03	5.127e+04	2.826e+03	1.797e+04	7.575e+03	60.64	99.52	7.48

#####################################################_CICLO_INICIADO_1_DE_5_#####################################################
500000.0	1	1638367337.4493961	1.055e+05	7.305e+03	7.218e+03	5.122e+04	2.832e+03	1.801e+04	7.577e+03	60.66	99.56	7.55

############################################################_BOMBA_LIGADA_############################################################
1	500000.0	1638367342.439584	7.660e+04	7.305e+03	1.029e+04	4.965e+04	2.366e+03	1.325e+04	7.229e+03	60.64	69.50	6.70

500000.0	500000.0	1638367343.437702	6.574e+04	7.284e+03	1.571e+04	4.716e+04	1.911e+03	8.056e+03	6.725e+03	60.69	69.46	6.84

500000.0	500000.0	1638367344.4395595	6.362e+04	8.337e+03	1.874e+04	4.595e+04	1.631e+03	5.959e+03	6.403e+03	60.75	69.30	6.94

500000.0	500000.0	1638367345.4403934	6.400e+04	1.047e+04	2.035e+04	4.532e+04	1.473e+03	5.104e+03	6.233e+03	60.78	69.62	7.06

500000.0	500000.0	1638367346.3856602	6.502e+04	1.174e+04	2.110e+04	4.510e+04	1.380e+03	4.736e+03	6.145e+03	60.80	69.30	7.12

500000.0	500000.0	1638367347.4350185	6.622e+04	1.248e+04	2.139e+04	4.489e+04	1.326e+03	4.592e+03	6.104e+03	60.81	69.62	7.12

500000.0	500000.0	1638367348.4365582	6.745e+04	1.291e+04	2.139e+04	4.480e+04	1.293e+03	4.568e+03	6.086e+03	60.84	69.46	7.07

500000.0	500000.0	1638367349.3806658	6.853e+04	1.315e+04	2.124e+04	4.480e+04	1.275e+03	4.604e+03	6.084e+03	60.84	69.46	7.06

500000.0	500000.0	1638367350.4268286	6.956e+04	1.328e+04	2.101e+04	4.489e+04	1.265e+03	4.682e+03	6.090e+03	60.84	69.42	7.17

500000.0	500000.0	1638367351.4305089	7.041e+04	1.347e+04	2.072e+04	4.493e+04	1.261e+03	4.781e+03	6.101e+03	60.85	69.54	7.17

500000.0	500000.0	1638367352.4255633	7.112e+04	1.420e+04	2.042e+04	4.502e+04	1.259e+03	4.887e+03	6.112e+03	60.85	69.46	7.16

500000.0	500000.0	1638367353.417705	7.166e+04	1.428e+04	2.013e+04	4.515e+04	1.260e+03	4.994e+03	6.122e+03	60.85	69.54	7.14

500000.0	500000.0	1638367354.4311035	7.213e+04	1.435e+04	1.985e+04	4.523e+04	1.264e+03	5.100e+03	6.133e+03	60.83	69.50	7.32

500000.0	500000.0	1638367355.4276793	7.260e+04	1.433e+04	1.962e+04	4.532e+04	1.266e+03	5.197e+03	6.144e+03	60.83	69.42	7.26

500000.0	500000.0	1638367356.3679338	7.304e+04	1.433e+04	1.939e+04	4.537e+04	1.270e+03	5.288e+03	6.152e+03	60.81	69.42	7.24

500000.0	500000.0	1638367357.379117	7.317e+04	1.433e+04	1.919e+04	4.554e+04	1.273e+03	5.369e+03	6.161e+03	60.80	69.62	7.22

500000.0	500000.0	1638367358.4247663	7.352e+04	1.433e+04	1.899e+04	4.568e+04	1.278e+03	5.443e+03	6.167e+03	60.80	69.62	7.36

500000.0	500000.0	1638367359.4204755	7.384e+04	1.435e+04	1.886e+04	4.572e+04	1.282e+03	5.508e+03	6.173e+03	60.78	69.50	7.34

500000.0	500000.0	1638367360.4216774	7.397e+04	1.436e+04	1.871e+04	4.586e+04	1.285e+03	5.567e+03	6.176e+03	60.78	69.50	7.33

500000.0	500000.0	1638367361.4245932	7.415e+04	1.436e+04	1.859e+04	4.604e+04	1.288e+03	5.619e+03	6.181e+03	60.75	69.66	7.33

##########################################################_BOMBA_DESLIGADA_###########################################################
1	1	1638367364.4141388	7.520e+04	1.475e+04	1.816e+04	4.730e+04	1.296e+03	5.802e+03	6.195e+03	60.93	99.52	9.31

500000.0	1	1638367365.3703692	7.727e+04	1.466e+04	1.804e+04	4.918e+04	1.314e+03	5.906e+03	6.227e+03	60.87	99.40	9.92

500000.0	1	1638367366.4143448	7.875e+04	1.454e+04	1.795e+04	5.050e+04	1.331e+03	5.997e+03	6.258e+03	60.84	99.60	9.78

500000.0	1	1638367367.416658	7.971e+04	1.443e+04	1.787e+04	5.133e+04	1.348e+03	6.082e+03	6.285e+03	60.80	99.52	9.83

500000.0	1	1638367368.4129975	8.022e+04	1.433e+04	1.778e+04	5.161e+04	1.363e+03	6.164e+03	6.308e+03	60.78	99.60	9.90

500000.0	1	1638367369.4134922	8.069e+04	1.279e+04	1.769e+04	5.201e+04	1.375e+03	6.240e+03	6.328e+03	60.78	99.48	9.78

500000.0	1	1638367370.3606641	8.095e+04	1.272e+04	1.759e+04	5.218e+04	1.387e+03	6.316e+03	6.346e+03	60.75	99.52	9.71

500000.0	1	1638367371.4085863	8.127e+04	1.265e+04	1.750e+04	5.223e+04	1.398e+03	6.386e+03	6.363e+03	60.74	99.52	9.60

500000.0	1	1638367372.4106789	8.164e+04	1.261e+04	1.740e+04	5.223e+04	1.409e+03	6.454e+03	6.376e+03	60.70	99.52	9.60

500000.0	1	1638367373.4098637	8.180e+04	1.255e+04	1.732e+04	5.223e+04	1.417e+03	6.517e+03	6.392e+03	60.73	99.52	9.65

500000.0	1	1638367374.406195	8.196e+04	1.250e+04	1.724e+04	5.206e+04	1.426e+03	6.578e+03	6.404e+03	60.71	99.48	9.69

500000.0	1	1638367375.412449	8.218e+04	1.244e+04	1.717e+04	5.206e+04	1.435e+03	6.637e+03	6.417e+03	60.69	99.52	9.61

500000.0	1	1638367376.3983154	8.245e+04	1.240e+04	1.710e+04	5.189e+04	1.441e+03	6.692e+03	6.428e+03	60.69	99.44	9.51

500000.0	1	1638367377.4070764	8.272e+04	1.234e+04	1.704e+04	5.166e+04	1.449e+03	6.743e+03	6.439e+03	60.67	99.48	9.46

500000.0	1	1638367378.4014742	8.305e+04	1.229e+04	1.699e+04	5.161e+04	1.456e+03	6.793e+03	6.450e+03	60.69	99.40	9.49

500000.0	1	1638367379.4095337	8.316e+04	1.224e+04	1.693e+04	5.155e+04	1.463e+03	6.845e+03	6.463e+03	60.66	99.44	9.44

500000.0	1	1638367380.3508089	8.355e+04	1.218e+04	1.688e+04	5.144e+04	1.470e+03	6.887e+03	6.474e+03	60.65	99.48	9.37

500000.0	1	1638367381.4032917	8.366e+04	1.211e+04	1.683e+04	5.127e+04	1.476e+03	6.935e+03	6.484e+03	60.66	99.60	9.34

500000.0	1	1638367382.4039419	8.394e+04	1.205e+04	1.679e+04	5.122e+04	1.483e+03	6.979e+03	6.495e+03	60.64	99.56	9.45

500000.0	1	1638367383.3984232	8.416e+04	1.200e+04	1.674e+04	5.105e+04	1.490e+03	7.021e+03	6.508e+03	60.64	99.64	9.36

500000.0	1	1638367384.4014702	8.428e+04	1.194e+04	1.669e+04	5.089e+04	1.496e+03	7.066e+03	6.516e+03	60.65	99.60	9.42

500000.0	1	1638367385.4072013	8.456e+04	1.188e+04	1.666e+04	5.067e+04	1.502e+03	7.103e+03	6.526e+03	60.62	99.40	9.43

500000.0	1	1638367386.3095846	8.485e+04	1.182e+04	1.661e+04	5.061e+04	1.509e+03	7.145e+03	6.536e+03	60.61	99.52	9.33

500000.0	1	1638367387.394731	8.490e+04	1.175e+04	1.657e+04	5.050e+04	1.515e+03	7.185e+03	6.545e+03	60.61	99.52	9.31

500000.0	1	1638367388.3923602	8.513e+04	1.169e+04	1.653e+04	5.040e+04	1.522e+03	7.230e+03	6.555e+03	60.62	99.60	9.36

500000.0	1	1638367389.3970392	8.525e+04	1.163e+04	1.650e+04	5.018e+04	1.528e+03	7.269e+03	6.565e+03	60.64	99.60	9.29

500000.0	1	1638367390.4030588	8.560e+04	1.157e+04	1.645e+04	5.007e+04	1.535e+03	7.309e+03	6.573e+03	60.61	99.52	9.27

500000.0	1	1638367391.3930576	8.560e+04	1.150e+04	1.641e+04	4.997e+04	1.540e+03	7.351e+03	6.583e+03	60.62	99.48	9.30

500000.0	1	1638367392.395884	8.583e+04	1.145e+04	1.637e+04	4.965e+04	1.547e+03	7.391e+03	6.589e+03	60.62	99.48	9.18

500000.0	1	1638367393.3920782	8.618e+04	1.137e+04	1.632e+04	4.965e+04	1.554e+03	7.431e+03	6.600e+03	60.61	99.52	9.28

500000.0	1	1638367394.3864045	8.624e+04	1.132e+04	1.628e+04	4.955e+04	1.560e+03	7.476e+03	6.607e+03	60.62	99.44	9.30

500000.0	1	1638367395.3899167	8.636e+04	1.124e+04	1.624e+04	4.950e+04	1.567e+03	7.515e+03	6.617e+03	60.61	99.56	9.20

500000.0	1	1638367396.3884573	8.665e+04	1.118e+04	1.619e+04	4.939e+04	1.574e+03	7.558e+03	6.625e+03	60.61	99.52	9.23

500000.0	1	1638367397.3861096	8.677e+04	1.111e+04	1.614e+04	4.924e+04	1.580e+03	7.605e+03	6.633e+03	60.61	99.60	9.23

500000.0	1	1638367398.3855472	8.689e+04	1.105e+04	1.610e+04	4.913e+04	1.586e+03	7.645e+03	6.643e+03	60.61	99.52	9.23

500000.0	1	1638367399.3385694	8.701e+04	1.099e+04	1.606e+04	4.903e+04	1.593e+03	7.690e+03	6.650e+03	60.62	99.48	9.19

500000.0	1	1638367400.3828602	8.725e+04	1.092e+04	1.601e+04	4.888e+04	1.599e+03	7.735e+03	6.659e+03	60.61	99.52	9.21

500000.0	1	1638367401.3816085	8.743e+04	1.086e+04	1.596e+04	4.883e+04	1.607e+03	7.777e+03	6.668e+03	60.60	99.48	9.15

500000.0	1	1638367402.3721862	8.749e+04	1.078e+04	1.591e+04	4.873e+04	1.614e+03	7.828e+03	6.676e+03	60.61	99.60	9.08

500000.0	1	1638367403.3757253	8.767e+04	1.072e+04	1.586e+04	4.873e+04	1.620e+03	7.871e+03	6.682e+03	60.61	99.60	9.11

500000.0	1	1638367404.3790576	8.779e+04	1.066e+04	1.581e+04	4.857e+04	1.627e+03	7.916e+03	6.691e+03	60.61	99.52	9.18

500000.0	1	1638367405.3773968	8.798e+04	1.060e+04	1.576e+04	4.842e+04	1.634e+03	7.960e+03	6.697e+03	60.60	99.52	9.18

500000.0	1	1638367406.3810017	8.816e+04	1.054e+04	1.571e+04	4.832e+04	1.641e+03	8.010e+03	6.704e+03	60.62	99.40	9.15

500000.0	1	1638367407.3328652	8.822e+04	1.046e+04	1.566e+04	4.827e+04	1.648e+03	8.058e+03	6.714e+03	60.61	99.52	9.17

500000.0	1	1638367408.374431	8.841e+04	1.042e+04	1.560e+04	4.813e+04	1.655e+03	8.105e+03	6.720e+03	60.62	99.44	9.20

500000.0	1	1638367409.3743055	8.847e+04	1.033e+04	1.554e+04	4.808e+04	1.662e+03	8.156e+03	6.729e+03	60.61	99.44	9.11

500000.0	1	1638367410.3752654	8.853e+04	1.027e+04	1.549e+04	4.798e+04	1.669e+03	8.205e+03	6.734e+03	60.61	99.40	9.11

500000.0	1	1638367411.3714411	8.890e+04	1.021e+04	1.544e+04	4.793e+04	1.676e+03	8.251e+03	6.742e+03	60.61	99.48	9.05

500000.0	1	1638367412.3689148	8.896e+04	1.014e+04	1.538e+04	4.788e+04	1.683e+03	8.305e+03	6.750e+03	60.61	99.48	9.17

500000.0	1	1638367413.3678799	8.915e+04	1.007e+04	1.533e+04	4.778e+04	1.690e+03	8.353e+03	6.757e+03	60.61	99.44	9.12

500000.0	1	1638367414.3113084	8.903e+04	1.001e+04	1.527e+04	4.778e+04	1.698e+03	8.406e+03	6.762e+03	60.61	99.56	9.30

500000.0	1	1638367415.3688672	8.928e+04	9.948e+03	1.522e+04	4.773e+04	1.705e+03	8.457e+03	6.770e+03	60.61	99.48	9.19

500000.0	1	1638367416.3658538	8.940e+04	9.881e+03	1.516e+04	4.764e+04	1.712e+03	8.509e+03	6.779e+03	60.62	99.52	9.26

500000.0	1	1638367417.307904	8.953e+04	9.822e+03	1.510e+04	4.754e+04	1.719e+03	8.561e+03	6.785e+03	60.61	99.56	8.99

500000.0	1	1638367418.3623064	8.965e+04	9.749e+03	1.505e+04	4.744e+04	1.727e+03	8.615e+03	6.790e+03	60.62	99.56	9.13

500000.0	1	1638367419.3633406	8.978e+04	9.697e+03	1.499e+04	4.740e+04	1.734e+03	8.668e+03	6.797e+03	60.64	99.48	9.01

500000.0	1	1638367420.300833	8.978e+04	9.623e+03	1.494e+04	4.735e+04	1.742e+03	8.721e+03	6.805e+03	60.61	99.60	9.06

500000.0	1	1638367421.3629098	9.003e+04	9.572e+03	1.488e+04	4.735e+04	1.749e+03	8.779e+03	6.812e+03	60.62	99.52	9.17

500000.0	1	1638367422.3524663	9.010e+04	9.506e+03	1.482e+04	4.720e+04	1.757e+03	8.830e+03	6.817e+03	60.62	99.52	9.11

500000.0	1	1638367423.3704665	9.016e+04	9.447e+03	1.476e+04	4.725e+04	1.764e+03	8.887e+03	6.826e+03	60.64	99.44	9.09

############################################################_BOMBA_LIGADA_############################################################
1	500000.0	1638367429.3406117	9.512e+04	8.733e+03	1.468e+04	4.424e+04	1.842e+03	9.089e+03	6.878e+03	60.15	55.56	6.25

500000.0	500000.0	1638367430.3517866	9.756e+04	8.524e+03	1.478e+04	4.087e+04	1.847e+03	9.038e+03	6.883e+03	59.95	55.05	5.44

500000.0	500000.0	1638367431.3538342	9.990e+04	8.258e+03	1.477e+04	3.942e+04	1.854e+03	9.089e+03	6.902e+03	59.75	55.17	5.07

500000.0	500000.0	1638367432.2935536	1.018e+05	8.086e+03	1.468e+04	3.885e+04	1.862e+03	9.207e+03	6.919e+03	59.63	55.05	4.86

500000.0	500000.0	1638367433.3497763	1.035e+05	7.929e+03	1.454e+04	3.862e+04	1.871e+03	9.355e+03	6.939e+03	59.49	55.21	4.69

500000.0	500000.0	1638367434.3468173	1.045e+05	7.801e+03	1.440e+04	3.856e+04	1.880e+03	9.509e+03	6.959e+03	59.35	55.17	4.61

500000.0	500000.0	1638367435.3463478	1.054e+05	7.708e+03	1.426e+04	3.862e+04	1.887e+03	9.653e+03	6.977e+03	59.23	55.05	4.55

500000.0	500000.0	1638367436.346459	1.058e+05	7.645e+03	1.414e+04	3.869e+04	1.894e+03	9.785e+03	6.990e+03	59.14	55.05	4.59

500000.0	500000.0	1638367437.3021	1.064e+05	7.475e+03	1.404e+04	3.885e+04	1.899e+03	9.898e+03	7.004e+03	59.03	55.05	4.56

500000.0	500000.0	1638367438.3454466	1.068e+05	7.432e+03	1.396e+04	3.895e+04	1.906e+03	9.992e+03	7.014e+03	58.95	55.09	4.64

500000.0	500000.0	1638367439.3433943	1.071e+05	7.411e+03	1.391e+04	3.919e+04	1.911e+03	1.007e+04	7.025e+03	58.86	55.21	4.47

500000.0	500000.0	1638367440.3342974	1.073e+05	7.390e+03	1.387e+04	3.939e+04	1.914e+03	1.013e+04	7.035e+03	58.79	55.01	4.65

500000.0	500000.0	1638367441.3435783	1.075e+05	7.362e+03	1.385e+04	3.956e+04	1.918e+03	1.017e+04	7.044e+03	58.72	55.17	4.54

500000.0	500000.0	1638367442.3438182	1.075e+05	7.333e+03	1.385e+04	3.977e+04	1.921e+03	1.019e+04	7.049e+03	58.66	55.05	4.53

500000.0	500000.0	1638367443.337035	1.077e+05	7.326e+03	1.386e+04	4.001e+04	1.924e+03	1.020e+04	7.054e+03	58.59	55.13	4.56

500000.0	500000.0	1638367444.339751	1.077e+05	7.305e+03	1.387e+04	4.022e+04	1.925e+03	1.020e+04	7.061e+03	58.52	55.13	4.43

500000.0	500000.0	1638367445.3339987	1.079e+05	7.305e+03	1.389e+04	4.047e+04	1.927e+03	1.020e+04	7.066e+03	58.47	55.25	4.38

500000.0	500000.0	1638367446.2899215	1.079e+05	7.305e+03	1.391e+04	4.069e+04	1.928e+03	1.020e+04	7.070e+03	58.42	55.01	4.57

500000.0	500000.0	1638367447.3595858	1.080e+05	7.305e+03	1.394e+04	4.091e+04	1.930e+03	1.020e+04	7.075e+03	58.36	55.25	4.54

500000.0	500000.0	1638367448.3347812	1.081e+05	7.305e+03	1.396e+04	4.094e+04	1.930e+03	1.019e+04	7.080e+03	58.35	55.09	4.34

500000.0	500000.0	1638367449.3204167	1.083e+05	7.305e+03	1.398e+04	4.139e+04	1.933e+03	1.019e+04	7.084e+03	58.30	55.21	4.50

500000.0	500000.0	1638367450.3316178	1.083e+05	7.305e+03	1.399e+04	4.157e+04	1.935e+03	1.019e+04	7.087e+03	58.27	55.05	4.35

500000.0	500000.0	1638367451.2855632	1.083e+05	7.298e+03	1.400e+04	4.184e+04	1.937e+03	1.020e+04	7.091e+03	58.22	55.13	4.35

500000.0	500000.0	1638367452.3430498	1.085e+05	7.291e+03	1.400e+04	4.199e+04	1.939e+03	1.021e+04	7.096e+03	58.21	55.21	4.56

500000.0	500000.0	1638367453.3350456	1.085e+05	7.284e+03	1.400e+04	4.226e+04	1.942e+03	1.023e+04	7.099e+03	58.18	55.13	4.53

500000.0	500000.0	1638367454.3303032	1.087e+05	7.284e+03	1.399e+04	4.246e+04	1.944e+03	1.024e+04	7.103e+03	58.15	55.25	4.52

500000.0	500000.0	1638367455.326442	1.088e+05	7.277e+03	1.399e+04	4.269e+04	1.948e+03	1.026e+04	7.106e+03	58.13	55.13	4.58

500000.0	500000.0	1638367456.326582	1.087e+05	7.277e+03	1.398e+04	4.285e+04	1.949e+03	1.027e+04	7.110e+03	58.10	55.13	4.58

500000.0	500000.0	1638367457.3261201	1.091e+05	7.277e+03	1.398e+04	4.305e+04	1.952e+03	1.029e+04	7.113e+03	58.03	55.25	4.48

500000.0	500000.0	1638367458.3243484	1.091e+05	7.277e+03	1.396e+04	4.325e+04	1.954e+03	1.031e+04	7.117e+03	58.03	55.09	4.41

500000.0	500000.0	1638367459.323884	1.091e+05	7.277e+03	1.396e+04	4.350e+04	1.956e+03	1.033e+04	7.122e+03	57.99	55.09	4.44

500000.0	500000.0	1638367460.3225956	1.093e+05	7.277e+03	1.394e+04	4.366e+04	1.958e+03	1.035e+04	7.125e+03	57.98	55.13	4.47

500000.0	500000.0	1638367461.2672687	1.092e+05	7.277e+03	1.393e+04	4.391e+04	1.962e+03	1.037e+04	7.127e+03	57.96	55.17	4.44

500000.0	500000.0	1638367462.2566884	1.092e+05	7.277e+03	1.392e+04	4.403e+04	1.963e+03	1.038e+04	7.131e+03	57.94	55.05	4.48

500000.0	500000.0	1638367463.3130019	1.095e+05	7.277e+03	1.391e+04	4.420e+04	1.966e+03	1.040e+04	7.132e+03	57.94	55.09	4.30

500000.0	500000.0	1638367464.3211281	1.094e+05	7.277e+03	1.390e+04	4.446e+04	1.967e+03	1.042e+04	7.138e+03	57.91	55.13	4.52

500000.0	500000.0	1638367465.3194764	1.094e+05	7.277e+03	1.389e+04	4.458e+04	1.969e+03	1.043e+04	7.139e+03	57.89	55.21	4.40

500000.0	500000.0	1638367466.2538795	1.096e+05	7.277e+03	1.389e+04	4.476e+04	1.970e+03	1.044e+04	7.141e+03	57.88	55.21	4.33

500000.0	500000.0	1638367467.306509	1.097e+05	7.277e+03	1.389e+04	4.497e+04	1.972e+03	1.045e+04	7.143e+03	57.85	55.09	4.52

500000.0	500000.0	1638367468.3042822	1.096e+05	7.277e+03	1.388e+04	4.515e+04	1.972e+03	1.047e+04	7.146e+03	57.85	55.21	4.53

500000.0	500000.0	1638367469.2691102	1.098e+05	7.284e+03	1.387e+04	4.532e+04	1.975e+03	1.049e+04	7.150e+03	57.81	55.09	4.57

500000.0	500000.0	1638367470.3111877	1.097e+05	7.291e+03	1.387e+04	4.546e+04	1.976e+03	1.050e+04	7.148e+03	57.82	55.13	4.50

500000.0	500000.0	1638367471.2531466	1.095e+05	7.284e+03	1.386e+04	4.559e+04	1.978e+03	1.050e+04	7.153e+03	57.80	55.17	4.42

500000.0	500000.0	1638367472.3126135	1.100e+05	7.291e+03	1.385e+04	4.586e+04	1.980e+03	1.051e+04	7.155e+03	57.79	55.33	4.36

500000.0	500000.0	1638367473.3097832	1.100e+05	7.291e+03	1.384e+04	4.595e+04	1.981e+03	1.054e+04	7.159e+03	57.77	55.21	4.52

500000.0	500000.0	1638367474.3087542	1.100e+05	7.291e+03	1.383e+04	4.609e+04	1.983e+03	1.056e+04	7.160e+03	57.77	55.13	4.39

500000.0	500000.0	1638367475.307481	1.100e+05	7.291e+03	1.381e+04	4.622e+04	1.984e+03	1.057e+04	7.160e+03	57.77	55.17	4.32

500000.0	500000.0	1638367476.3101842	1.099e+05	7.298e+03	1.380e+04	4.636e+04	1.985e+03	1.058e+04	7.162e+03	57.77	55.13	4.47

500000.0	500000.0	1638367477.3057199	1.101e+05	7.298e+03	1.381e+04	4.655e+04	1.987e+03	1.058e+04	7.164e+03	57.74	55.13	4.46

500000.0	500000.0	1638367478.2578099	1.100e+05	7.298e+03	1.382e+04	4.664e+04	1.989e+03	1.058e+04	7.166e+03	57.74	55.09	4.44

500000.0	500000.0	1638367479.3056974	1.101e+05	7.298e+03	1.382e+04	4.678e+04	1.990e+03	1.059e+04	7.166e+03	57.74	55.05	4.41

500000.0	500000.0	1638367480.2523005	1.102e+05	7.305e+03	1.382e+04	4.687e+04	1.993e+03	1.059e+04	7.169e+03	57.72	55.25	4.48

500000.0	500000.0	1638367481.3054588	1.102e+05	7.298e+03	1.381e+04	4.701e+04	1.994e+03	1.060e+04	7.168e+03	57.72	55.09	4.31

500000.0	500000.0	1638367482.3021379	1.102e+05	7.298e+03	1.380e+04	4.716e+04	1.995e+03	1.061e+04	7.171e+03	57.70	55.25	4.49

500000.0	500000.0	1638367483.298746	1.100e+05	7.305e+03	1.380e+04	4.725e+04	1.995e+03	1.061e+04	7.171e+03	57.70	55.01	4.48

500000.0	500000.0	1638367484.3028123	1.101e+05	7.305e+03	1.380e+04	4.744e+04	1.997e+03	1.062e+04	7.175e+03	57.69	55.21	4.35

500000.0	500000.0	1638367485.2974143	1.102e+05	7.305e+03	1.379e+04	4.759e+04	1.999e+03	1.063e+04	7.176e+03	57.65	55.17	4.44

500000.0	500000.0	1638367486.2472472	1.102e+05	7.305e+03	1.379e+04	4.764e+04	1.999e+03	1.064e+04	7.176e+03	57.67	55.09	4.55

500000.0	500000.0	1638367487.3000884	1.103e+05	7.305e+03	1.378e+04	4.778e+04	2.002e+03	1.065e+04	7.180e+03	57.65	55.29	4.52

##########################################################_BOMBA_DESLIGADA_###########################################################
#####################################################_CICLO_FINALIZADO_1_DE_5_#####################################################
1	1	1638367551.2290988	1.097e+05	7.305e+03	8.083e+03	5.599e+04	2.654e+03	1.641e+04	7.561e+03	60.27	99.44	6.86

500000.0	1	1638367552.177855	1.097e+05	7.305e+03	8.035e+03	5.599e+04	2.662e+03	1.648e+04	7.566e+03	60.27	99.56	6.92

500000.0	1	1638367553.2302806	1.096e+05	7.305e+03	7.992e+03	5.592e+04	2.669e+03	1.655e+04	7.566e+03	60.28	99.52	6.87

#####################################################_CICLO_INICIADO_2_DE_5_#####################################################
############################################################_BOMBA_LIGADA_############################################################
1	500000.0	1638367559.2224317	9.319e+04	7.305e+03	9.102e+03	5.408e+04	2.518e+03	1.484e+04	7.445e+03	60.31	69.54	6.22

500000.0	500000.0	1638367560.2212625	8.038e+04	7.305e+03	1.347e+04	5.127e+04	2.209e+03	1.086e+04	7.162e+03	60.38	69.30	6.66

500000.0	500000.0	1638367561.2246838	7.428e+04	7.305e+03	1.622e+04	4.981e+04	1.944e+03	8.164e+03	6.888e+03	60.45	69.15	6.74

500000.0	500000.0	1638367562.2209797	7.179e+04	7.418e+03	1.811e+04	4.908e+04	1.757e+03	6.765e+03	6.684e+03	60.47	69.50	7.13

500000.0	500000.0	1638367563.1784208	7.099e+04	8.344e+03	1.920e+04	4.862e+04	1.633e+03	6.045e+03	6.547e+03	60.52	69.26	7.31

500000.0	500000.0	1638367564.1635303	7.074e+04	9.381e+03	1.975e+04	4.842e+04	1.548e+03	5.674e+03	6.452e+03	60.52	69.38	7.17

500000.0	500000.0	1638367565.2158968	7.083e+04	1.013e+04	1.997e+04	4.827e+04	1.488e+03	5.485e+03	6.387e+03	60.56	69.50	7.39

500000.0	500000.0	1638367566.1703367	7.103e+04	1.074e+04	2.001e+04	4.813e+04	1.444e+03	5.393e+03	6.338e+03	60.57	69.30	7.38

500000.0	500000.0	1638367567.2173462	7.116e+04	1.121e+04	1.992e+04	4.808e+04	1.413e+03	5.363e+03	6.305e+03	60.59	69.54	7.43

500000.0	500000.0	1638367568.213466	7.141e+04	1.155e+04	1.978e+04	4.798e+04	1.390e+03	5.368e+03	6.277e+03	60.59	69.26	7.33

500000.0	500000.0	1638367569.2081587	7.162e+04	1.182e+04	1.960e+04	4.798e+04	1.372e+03	5.396e+03	6.260e+03	60.59	69.62	7.33

500000.0	500000.0	1638367570.2093735	7.171e+04	1.204e+04	1.941e+04	4.808e+04	1.359e+03	5.439e+03	6.244e+03	60.59	69.38	7.46

500000.0	500000.0	1638367571.196419	7.192e+04	1.223e+04	1.919e+04	4.813e+04	1.350e+03	5.491e+03	6.233e+03	60.60	69.38	7.29

500000.0	500000.0	1638367572.2065878	7.205e+04	1.238e+04	1.902e+04	4.813e+04	1.342e+03	5.540e+03	6.224e+03	60.57	69.50	7.51

500000.0	500000.0	1638367573.212062	7.213e+04	1.255e+04	1.885e+04	4.808e+04	1.336e+03	5.586e+03	6.216e+03	60.57	69.42	7.39

500000.0	500000.0	1638367574.209489	7.226e+04	1.266e+04	1.870e+04	4.818e+04	1.332e+03	5.629e+03	6.208e+03	60.57	69.54	7.37

500000.0	500000.0	1638367575.2028	7.230e+04	1.278e+04	1.855e+04	4.818e+04	1.328e+03	5.667e+03	6.202e+03	60.56	69.42	7.44

500000.0	500000.0	1638367576.205215	7.239e+04	1.290e+04	1.842e+04	4.827e+04	1.325e+03	5.713e+03	6.198e+03	60.56	69.42	7.53

500000.0	500000.0	1638367577.2030914	7.252e+04	1.298e+04	1.830e+04	4.822e+04	1.324e+03	5.749e+03	6.195e+03	60.55	69.50	7.54

500000.0	500000.0	1638367578.2069576	7.248e+04	1.306e+04	1.820e+04	4.832e+04	1.322e+03	5.779e+03	6.191e+03	60.54	69.46	7.70

##########################################################_BOMBA_DESLIGADA_###########################################################
1	1	1638367580.199353	7.222e+04	1.476e+04	1.794e+04	4.808e+04	1.309e+03	5.840e+03	6.168e+03	60.75	99.48	9.14

500000.0	1	1638367581.1464236	7.446e+04	1.480e+04	1.777e+04	5.040e+04	1.324e+03	5.955e+03	6.196e+03	60.69	99.56	9.99

500000.0	1	1638367582.1970832	7.622e+04	1.471e+04	1.767e+04	5.195e+04	1.339e+03	6.049e+03	6.224e+03	60.65	99.52	10.03

500000.0	1	1638367583.1998885	7.756e+04	1.461e+04	1.757e+04	5.299e+04	1.355e+03	6.134e+03	6.250e+03	60.61	99.56	10.23

500000.0	1	1638367584.1948237	7.820e+04	1.452e+04	1.749e+04	5.353e+04	1.368e+03	6.215e+03	6.272e+03	60.60	99.56	10.21

500000.0	1	1638367585.1934948	7.885e+04	1.444e+04	1.739e+04	5.396e+04	1.381e+03	6.293e+03	6.294e+03	60.56	99.48	10.14

500000.0	1	1638367586.1935363	7.920e+04	1.440e+04	1.729e+04	5.408e+04	1.393e+03	6.369e+03	6.311e+03	60.56	99.52	9.99

500000.0	1	1638367587.1922967	7.945e+04	1.436e+04	1.720e+04	5.414e+04	1.403e+03	6.440e+03	6.327e+03	60.55	99.64	10.03

500000.0	1	1638367588.1913426	7.976e+04	1.433e+04	1.711e+04	5.408e+04	1.413e+03	6.508e+03	6.341e+03	60.54	99.48	10.17

500000.0	1	1638367589.1903303	8.007e+04	1.269e+04	1.702e+04	5.408e+04	1.422e+03	6.573e+03	6.355e+03	60.52	99.60	9.94

500000.0	1	1638367590.193269	8.033e+04	1.266e+04	1.694e+04	5.396e+04	1.430e+03	6.637e+03	6.368e+03	60.51	99.52	9.93

500000.0	1	1638367591.192319	8.059e+04	1.263e+04	1.687e+04	5.390e+04	1.438e+03	6.697e+03	6.380e+03	60.49	99.56	9.87

500000.0	1	1638367592.1906934	8.080e+04	1.260e+04	1.680e+04	5.365e+04	1.445e+03	6.750e+03	6.390e+03	60.50	99.44	9.89

500000.0	1	1638367593.1388447	8.116e+04	1.256e+04	1.674e+04	5.353e+04	1.452e+03	6.803e+03	6.403e+03	60.47	99.48	9.90

500000.0	1	1638367594.1839683	8.138e+04	1.251e+04	1.668e+04	5.341e+04	1.458e+03	6.857e+03	6.414e+03	60.47	99.52	9.73

500000.0	1	1638367595.2012508	8.154e+04	1.248e+04	1.663e+04	5.323e+04	1.465e+03	6.904e+03	6.423e+03	60.47	99.52	9.73

500000.0	1	1638367596.189713	8.186e+04	1.243e+04	1.658e+04	5.311e+04	1.472e+03	6.950e+03	6.436e+03	60.46	99.56	9.73

500000.0	1	1638367597.1869588	8.207e+04	1.239e+04	1.653e+04	5.282e+04	1.478e+03	6.993e+03	6.444e+03	60.46	99.52	9.78

500000.0	1	1638367598.1841176	8.234e+04	1.234e+04	1.650e+04	5.264e+04	1.485e+03	7.035e+03	6.458e+03	60.45	99.52	9.63

500000.0	1	1638367599.1935258	8.256e+04	1.229e+04	1.645e+04	5.247e+04	1.491e+03	7.076e+03	6.466e+03	60.45	99.40	9.76

500000.0	1	1638367600.1771686	8.289e+04	1.223e+04	1.641e+04	5.229e+04	1.497e+03	7.118e+03	6.476e+03	60.44	99.44	9.63

500000.0	1	1638367601.1939433	8.305e+04	1.218e+04	1.637e+04	5.212e+04	1.503e+03	7.159e+03	6.487e+03	60.44	99.52	9.63

500000.0	1	1638367602.1772723	8.322e+04	1.212e+04	1.633e+04	5.195e+04	1.510e+03	7.203e+03	6.497e+03	60.44	99.52	9.71

500000.0	1	1638367603.175322	8.338e+04	1.207e+04	1.630e+04	5.172e+04	1.516e+03	7.241e+03	6.508e+03	60.45	99.52	9.59

500000.0	1	1638367604.1755214	8.372e+04	1.201e+04	1.625e+04	5.155e+04	1.523e+03	7.280e+03	6.516e+03	60.42	99.60	9.64

500000.0	1	1638367605.1701953	8.388e+04	1.195e+04	1.622e+04	5.138e+04	1.527e+03	7.320e+03	6.524e+03	60.42	99.44	9.61

500000.0	1	1638367606.1303363	8.416e+04	1.189e+04	1.618e+04	5.133e+04	1.534e+03	7.358e+03	6.534e+03	60.42	99.40	9.46

500000.0	1	1638367607.1731205	8.416e+04	1.183e+04	1.614e+04	5.105e+04	1.540e+03	7.400e+03	6.544e+03	60.44	99.48	9.47

500000.0	1	1638367608.1805995	8.445e+04	1.178e+04	1.610e+04	5.089e+04	1.547e+03	7.442e+03	6.553e+03	60.42	99.52	9.45

500000.0	1	1638367609.1697698	8.479e+04	1.171e+04	1.606e+04	5.083e+04	1.554e+03	7.479e+03	6.561e+03	60.42	99.52	9.49

500000.0	1	1638367610.1723647	8.485e+04	1.166e+04	1.602e+04	5.061e+04	1.560e+03	7.522e+03	6.571e+03	60.44	99.48	9.43

500000.0	1	1638367611.1663277	8.508e+04	1.158e+04	1.598e+04	5.040e+04	1.566e+03	7.567e+03	6.579e+03	60.44	99.56	9.36

500000.0	1	1638367612.1725376	8.525e+04	1.152e+04	1.594e+04	5.045e+04	1.572e+03	7.607e+03	6.586e+03	60.44	99.60	9.48

500000.0	1	1638367613.1698842	8.548e+04	1.146e+04	1.589e+04	5.023e+04	1.580e+03	7.648e+03	6.597e+03	60.44	99.56	9.48

500000.0	1	1638367614.121772	8.554e+04	1.140e+04	1.585e+04	5.007e+04	1.586e+03	7.690e+03	6.605e+03	60.44	99.56	9.47

500000.0	1	1638367615.1657555	8.589e+04	1.134e+04	1.581e+04	4.997e+04	1.593e+03	7.735e+03	6.612e+03	60.42	99.44	9.47

500000.0	1	1638367616.165337	8.606e+04	1.128e+04	1.576e+04	4.981e+04	1.599e+03	7.779e+03	6.620e+03	60.44	99.48	9.28

500000.0	1	1638367617.1621318	8.612e+04	1.121e+04	1.572e+04	4.965e+04	1.605e+03	7.824e+03	6.630e+03	60.44	99.52	9.39

500000.0	1	1638367618.1619556	8.636e+04	1.114e+04	1.566e+04	4.960e+04	1.613e+03	7.869e+03	6.638e+03	60.42	99.56	9.48

500000.0	1	1638367619.1625943	8.653e+04	1.108e+04	1.561e+04	4.944e+04	1.619e+03	7.914e+03	6.646e+03	60.44	99.56	9.42

500000.0	1	1638367620.1585023	8.665e+04	1.102e+04	1.558e+04	4.929e+04	1.625e+03	7.962e+03	6.653e+03	60.44	99.48	9.49

500000.0	1	1638367621.158749	8.677e+04	1.096e+04	1.552e+04	4.924e+04	1.634e+03	8.004e+03	6.661e+03	60.44	99.44	9.35

500000.0	1	1638367622.1841054	8.695e+04	1.090e+04	1.547e+04	4.908e+04	1.641e+03	8.052e+03	6.671e+03	60.42	99.52	9.23

500000.0	1	1638367623.1056285	8.719e+04	1.081e+04	1.542e+04	4.908e+04	1.648e+03	8.103e+03	6.677e+03	60.44	99.64	9.31

500000.0	1	1638367624.1006505	8.725e+04	1.076e+04	1.537e+04	4.893e+04	1.654e+03	8.150e+03	6.684e+03	60.44	99.64	9.34

500000.0	1	1638367625.1540387	8.737e+04	1.070e+04	1.532e+04	4.878e+04	1.661e+03	8.199e+03	6.692e+03	60.45	99.48	9.30

500000.0	1	1638367626.109865	8.749e+04	1.063e+04	1.527e+04	4.878e+04	1.669e+03	8.249e+03	6.701e+03	60.44	99.56	9.42

500000.0	1	1638367627.1022172	8.767e+04	1.057e+04	1.522e+04	4.868e+04	1.676e+03	8.295e+03	6.707e+03	60.45	99.44	9.44

500000.0	1	1638367628.1535282	8.786e+04	1.051e+04	1.517e+04	4.857e+04	1.683e+03	8.345e+03	6.715e+03	60.44	99.48	9.43

500000.0	1	1638367629.150188	8.804e+04	1.044e+04	1.511e+04	4.847e+04	1.690e+03	8.398e+03	6.722e+03	60.45	99.56	9.29

500000.0	1	1638367630.148867	8.804e+04	1.037e+04	1.506e+04	4.842e+04	1.698e+03	8.453e+03	6.729e+03	60.45	99.56	9.32

500000.0	1	1638367631.1050518	8.816e+04	1.030e+04	1.501e+04	4.827e+04	1.704e+03	8.502e+03	6.737e+03	60.45	99.48	9.31

500000.0	1	1638367632.154617	8.834e+04	1.022e+04	1.495e+04	4.822e+04	1.711e+03	8.554e+03	6.744e+03	60.45	99.56	9.36

500000.0	1	1638367633.1504762	8.847e+04	1.017e+04	1.489e+04	4.813e+04	1.719e+03	8.609e+03	6.750e+03	60.45	99.52	9.43

500000.0	1	1638367634.1448724	8.853e+04	1.010e+04	1.484e+04	4.808e+04	1.727e+03	8.661e+03	6.759e+03	60.45	99.56	9.49

500000.0	1	1638367635.1488636	8.872e+04	1.004e+04	1.478e+04	4.798e+04	1.734e+03	8.716e+03	6.764e+03	60.46	99.56	9.31

500000.0	1	1638367636.1452634	8.896e+04	9.978e+03	1.473e+04	4.793e+04	1.742e+03	8.770e+03	6.774e+03	60.46	99.52	9.28

500000.0	1	1638367637.1456451	8.903e+04	9.918e+03	1.468e+04	4.778e+04	1.749e+03	8.826e+03	6.779e+03	60.46	99.56	9.22

500000.0	1	1638367638.1486208	8.915e+04	9.844e+03	1.461e+04	4.773e+04	1.757e+03	8.878e+03	6.785e+03	60.46	99.56	9.28

500000.0	1	1638367639.1428988	8.921e+04	9.785e+03	1.456e+04	4.768e+04	1.765e+03	8.935e+03	6.794e+03	60.46	99.48	9.16

500000.0	1	1638367640.1472077	8.946e+04	9.719e+03	1.450e+04	4.764e+04	1.772e+03	8.990e+03	6.802e+03	60.46	99.52	9.30

############################################################_BOMBA_LIGADA_############################################################
1	500000.0	1638367645.1402993	9.380e+04	9.075e+03	1.439e+04	4.631e+04	1.848e+03	9.219e+03	6.854e+03	60.04	55.87	6.86

500000.0	500000.0	1638367646.0896926	9.647e+04	8.777e+03	1.443e+04	4.214e+04	1.861e+03	9.223e+03	6.866e+03	59.85	55.21	5.72

500000.0	500000.0	1638367647.137665	9.959e+04	8.423e+03	1.429e+04	4.019e+04	1.882e+03	9.387e+03	6.891e+03	59.65	55.05	5.24

500000.0	500000.0	1638367648.1296008	1.018e+05	8.158e+03	1.404e+04	3.932e+04	1.904e+03	9.661e+03	6.920e+03	59.53	55.01	5.00

500000.0	500000.0	1638367649.1311383	1.036e+05	7.915e+03	1.370e+04	3.909e+04	1.928e+03	1.000e+04	6.951e+03	59.37	55.09	4.93

500000.0	500000.0	1638367650.132216	1.050e+05	7.751e+03	1.337e+04	3.889e+04	1.949e+03	1.035e+04	6.980e+03	59.24	55.13	4.80

500000.0	500000.0	1638367651.1281261	1.059e+05	7.637e+03	1.306e+04	3.892e+04	1.969e+03	1.068e+04	7.006e+03	59.13	55.17	4.83

500000.0	500000.0	1638367652.1253817	1.066e+05	7.446e+03	1.279e+04	3.895e+04	1.987e+03	1.099e+04	7.025e+03	59.03	55.05	4.71

500000.0	500000.0	1638367653.1324692	1.072e+05	7.390e+03	1.257e+04	3.912e+04	2.004e+03	1.126e+04	7.045e+03	58.95	55.21	4.74

500000.0	500000.0	1638367654.0850465	1.075e+05	7.333e+03	1.236e+04	3.925e+04	2.019e+03	1.152e+04	7.063e+03	58.85	55.21	4.57

500000.0	500000.0	1638367655.0823476	1.081e+05	7.305e+03	1.221e+04	3.946e+04	2.035e+03	1.172e+04	7.077e+03	58.77	55.25	4.63

500000.0	500000.0	1638367656.1340501	1.082e+05	7.277e+03	1.209e+04	3.956e+04	2.049e+03	1.188e+04	7.091e+03	58.68	55.09	4.69

500000.0	500000.0	1638367657.0813837	1.084e+05	7.277e+03	1.202e+04	3.977e+04	2.059e+03	1.199e+04	7.103e+03	58.61	55.17	4.73

500000.0	500000.0	1638367658.1165917	1.083e+05	7.277e+03	1.199e+04	4.001e+04	2.069e+03	1.207e+04	7.111e+03	58.57	55.09	4.58

500000.0	500000.0	1638367659.1214232	1.087e+05	7.277e+03	1.197e+04	4.019e+04	2.080e+03	1.211e+04	7.117e+03	58.49	55.21	4.67

500000.0	500000.0	1638367660.1191108	1.087e+05	7.277e+03	1.197e+04	4.040e+04	2.087e+03	1.214e+04	7.129e+03	58.45	55.17	4.69

500000.0	500000.0	1638367661.1174488	1.087e+05	7.270e+03	1.198e+04	4.062e+04	2.094e+03	1.216e+04	7.132e+03	58.41	55.21	4.63

500000.0	500000.0	1638367662.1172674	1.088e+05	7.270e+03	1.200e+04	4.083e+04	2.100e+03	1.216e+04	7.139e+03	58.36	55.17	4.69

500000.0	500000.0	1638367663.1069624	1.088e+05	7.270e+03	1.202e+04	4.105e+04	2.107e+03	1.215e+04	7.146e+03	58.32	55.09	4.62

500000.0	500000.0	1638367664.117456	1.090e+05	7.270e+03	1.205e+04	4.124e+04	2.113e+03	1.215e+04	7.152e+03	58.26	55.21	4.70

500000.0	500000.0	1638367665.1123762	1.089e+05	7.270e+03	1.206e+04	4.146e+04	2.118e+03	1.216e+04	7.157e+03	58.23	55.09	4.63

500000.0	500000.0	1638367666.1132917	1.091e+05	7.277e+03	1.209e+04	4.176e+04	2.123e+03	1.215e+04	7.159e+03	58.22	55.25	4.61

500000.0	500000.0	1638367667.1136189	1.091e+05	7.277e+03	1.210e+04	4.191e+04	2.129e+03	1.215e+04	7.166e+03	58.16	55.09	4.59

500000.0	500000.0	1638367668.1176922	1.092e+05	7.277e+03	1.211e+04	4.211e+04	2.134e+03	1.216e+04	7.168e+03	58.12	55.09	4.61

500000.0	500000.0	1638367669.110053	1.093e+05	7.277e+03	1.212e+04	4.242e+04	2.140e+03	1.217e+04	7.173e+03	58.07	55.17	4.62

500000.0	500000.0	1638367670.1090498	1.092e+05	7.277e+03	1.212e+04	4.253e+04	2.145e+03	1.218e+04	7.178e+03	58.03	55.17	4.68

500000.0	500000.0	1638367671.1143408	1.092e+05	7.277e+03	1.212e+04	4.281e+04	2.150e+03	1.220e+04	7.182e+03	58.00	55.25	4.58

500000.0	500000.0	1638367672.111667	1.094e+05	7.277e+03	1.213e+04	4.301e+04	2.154e+03	1.221e+04	7.187e+03	57.99	55.05	4.68

500000.0	500000.0	1638367673.1107357	1.094e+05	7.277e+03	1.213e+04	4.313e+04	2.159e+03	1.222e+04	7.190e+03	57.96	55.21	4.59

500000.0	500000.0	1638367674.1074896	1.094e+05	7.277e+03	1.213e+04	4.341e+04	2.162e+03	1.223e+04	7.192e+03	57.94	55.17	4.70

500000.0	500000.0	1638367675.1088035	1.094e+05	7.277e+03	1.213e+04	4.362e+04	2.165e+03	1.224e+04	7.197e+03	57.92	55.17	4.60

500000.0	500000.0	1638367676.107752	1.095e+05	7.277e+03	1.214e+04	4.374e+04	2.169e+03	1.224e+04	7.199e+03	57.89	55.17	4.56

500000.0	500000.0	1638367677.1103187	1.095e+05	7.277e+03	1.215e+04	4.399e+04	2.172e+03	1.225e+04	7.203e+03	57.87	55.13	4.67

500000.0	500000.0	1638367678.1059453	1.096e+05	7.277e+03	1.215e+04	4.412e+04	2.175e+03	1.225e+04	7.205e+03	57.87	55.13	4.67

500000.0	500000.0	1638367679.0554242	1.097e+05	7.277e+03	1.215e+04	4.429e+04	2.179e+03	1.226e+04	7.206e+03	57.84	55.13	4.68

500000.0	500000.0	1638367680.1025918	1.097e+05	7.277e+03	1.216e+04	4.450e+04	2.180e+03	1.226e+04	7.210e+03	57.81	55.13	4.61

500000.0	500000.0	1638367681.0529609	1.094e+05	7.277e+03	1.217e+04	4.467e+04	2.183e+03	1.225e+04	7.210e+03	57.79	55.17	4.47

500000.0	500000.0	1638367682.0913544	1.098e+05	7.277e+03	1.219e+04	4.480e+04	2.184e+03	1.225e+04	7.213e+03	57.79	55.21	4.52

500000.0	500000.0	1638367683.098964	1.096e+05	7.277e+03	1.220e+04	4.506e+04	2.188e+03	1.223e+04	7.213e+03	57.78	55.09	4.61

500000.0	500000.0	1638367684.1013777	1.096e+05	7.277e+03	1.222e+04	4.510e+04	2.188e+03	1.223e+04	7.213e+03	57.77	55.05	4.52

500000.0	500000.0	1638367685.0996525	1.098e+05	7.277e+03	1.223e+04	4.528e+04	2.190e+03	1.222e+04	7.215e+03	57.73	55.09	4.59

500000.0	500000.0	1638367686.0943162	1.096e+05	7.277e+03	1.224e+04	4.546e+04	2.191e+03	1.221e+04	7.217e+03	57.71	55.21	4.72

500000.0	500000.0	1638367687.0953462	1.096e+05	7.277e+03	1.225e+04	4.559e+04	2.191e+03	1.221e+04	7.219e+03	57.71	55.21	4.75

500000.0	500000.0	1638367688.0969636	1.096e+05	7.277e+03	1.225e+04	4.581e+04	2.192e+03	1.221e+04	7.220e+03	57.70	55.29	4.69

500000.0	500000.0	1638367689.094686	1.097e+05	7.277e+03	1.226e+04	4.590e+04	2.196e+03	1.221e+04	7.222e+03	57.69	55.33	4.52

500000.0	500000.0	1638367690.093246	1.096e+05	7.277e+03	1.227e+04	4.599e+04	2.197e+03	1.221e+04	7.222e+03	57.67	55.09	4.55

500000.0	500000.0	1638367691.0936484	1.098e+05	7.277e+03	1.227e+04	4.613e+04	2.199e+03	1.221e+04	7.224e+03	57.66	55.17	4.66

500000.0	500000.0	1638367692.0914855	1.097e+05	7.277e+03	1.226e+04	4.622e+04	2.202e+03	1.223e+04	7.226e+03	57.67	55.09	4.74

500000.0	500000.0	1638367693.090055	1.098e+05	7.277e+03	1.225e+04	4.641e+04	2.204e+03	1.225e+04	7.228e+03	57.65	55.13	4.63

500000.0	500000.0	1638367694.040521	1.098e+05	7.277e+03	1.223e+04	4.655e+04	2.208e+03	1.228e+04	7.229e+03	57.65	55.13	4.61

500000.0	500000.0	1638367695.0889094	1.099e+05	7.277e+03	1.221e+04	4.683e+04	2.211e+03	1.231e+04	7.233e+03	57.62	55.25	4.71

500000.0	500000.0	1638367696.079456	1.100e+05	7.277e+03	1.219e+04	4.683e+04	2.215e+03	1.234e+04	7.235e+03	57.60	55.21	4.79

500000.0	500000.0	1638367697.081293	1.100e+05	7.277e+03	1.217e+04	4.701e+04	2.218e+03	1.237e+04	7.238e+03	57.60	55.17	4.71

500000.0	500000.0	1638367698.0915008	1.099e+05	7.277e+03	1.215e+04	4.706e+04	2.221e+03	1.239e+04	7.240e+03	57.59	55.21	4.61

500000.0	500000.0	1638367699.0798485	1.102e+05	7.277e+03	1.213e+04	4.716e+04	2.224e+03	1.242e+04	7.242e+03	57.57	55.25	4.67

500000.0	500000.0	1638367700.071835	1.100e+05	7.277e+03	1.213e+04	4.725e+04	2.227e+03	1.242e+04	7.242e+03	57.58	55.25	4.46

500000.0	500000.0	1638367701.0387743	1.097e+05	7.284e+03	1.212e+04	4.740e+04	2.228e+03	1.244e+04	7.240e+03	57.57	55.13	4.58

500000.0	500000.0	1638367702.0823479	1.100e+05	7.284e+03	1.213e+04	4.749e+04	2.227e+03	1.243e+04	7.243e+03	57.57	55.01	4.63

500000.0	500000.0	1638367703.0816534	1.100e+05	7.284e+03	1.213e+04	4.764e+04	2.232e+03	1.244e+04	7.245e+03	57.58	55.21	4.59

500000.0	500000.0	1638367704.0792773	1.100e+05	7.291e+03	1.214e+04	4.768e+04	2.233e+03	1.243e+04	7.245e+03	57.57	55.09	4.61

##########################################################_BOMBA_DESLIGADA_###########################################################
#####################################################_CICLO_FINALIZADO_2_DE_5_#####################################################
1	1	1638367768.018924	1.086e+05	7.305e+03	6.815e+03	5.573e+04	2.893e+03	1.880e+04	7.611e+03	60.18	99.52	7.00

500000.0	1	1638367769.0150778	1.086e+05	7.305e+03	6.786e+03	5.553e+04	2.900e+03	1.886e+04	7.616e+03	60.20	99.52	7.10

500000.0	1	1638367769.9586926	1.086e+05	7.305e+03	6.762e+03	5.553e+04	2.907e+03	1.893e+04	7.618e+03	60.21	99.60	7.12

#####################################################_CICLO_INICIADO_3_DE_5_#####################################################
############################################################_BOMBA_LIGADA_############################################################
1	500000.0	1638367776.0119195	8.828e+04	7.305e+03	8.461e+03	5.311e+04	2.659e+03	1.579e+04	7.445e+03	60.23	69.46	6.59

500000.0	500000.0	1638367777.015618	7.632e+04	7.305e+03	1.318e+04	5.067e+04	2.299e+03	1.104e+04	7.138e+03	60.31	69.50	6.99

500000.0	500000.0	1638367778.0128508	7.103e+04	7.305e+03	1.600e+04	4.934e+04	2.009e+03	8.205e+03	6.854e+03	60.37	69.38	7.29

500000.0	500000.0	1638367779.0074403	6.896e+04	7.468e+03	1.787e+04	4.862e+04	1.810e+03	6.797e+03	6.645e+03	60.41	69.50	7.54

500000.0	500000.0	1638367779.9592397	6.830e+04	8.596e+03	1.891e+04	4.832e+04	1.675e+03	6.087e+03	6.506e+03	60.45	69.54	7.65

500000.0	500000.0	1638367781.002568	6.822e+04	9.660e+03	1.942e+04	4.803e+04	1.583e+03	5.723e+03	6.411e+03	60.46	69.34	7.86

500000.0	500000.0	1638367782.0041513	6.837e+04	1.048e+04	1.958e+04	4.793e+04	1.521e+03	5.544e+03	6.344e+03	60.47	69.58	7.74

500000.0	500000.0	1638367782.9543018	6.845e+04	1.108e+04	1.959e+04	4.773e+04	1.474e+03	5.465e+03	6.297e+03	60.50	69.46	7.85

500000.0	500000.0	1638367784.0012207	6.877e+04	1.154e+04	1.948e+04	4.773e+04	1.442e+03	5.443e+03	6.263e+03	60.49	69.46	7.75

500000.0	500000.0	1638367784.995212	6.908e+04	1.189e+04	1.931e+04	4.773e+04	1.417e+03	5.457e+03	6.236e+03	60.50	69.54	7.83

500000.0	500000.0	1638367785.9982712	6.924e+04	1.217e+04	1.909e+04	4.764e+04	1.399e+03	5.499e+03	6.218e+03	60.51	69.50	7.89

500000.0	500000.0	1638367786.9932954	6.948e+04	1.241e+04	1.889e+04	4.764e+04	1.384e+03	5.548e+03	6.201e+03	60.51	69.66	7.85

500000.0	500000.0	1638367787.9930081	6.972e+04	1.257e+04	1.868e+04	4.768e+04	1.374e+03	5.603e+03	6.190e+03	60.51	69.46	7.79

500000.0	500000.0	1638367788.9928637	6.988e+04	1.273e+04	1.849e+04	4.768e+04	1.366e+03	5.655e+03	6.182e+03	60.51	69.46	7.87

500000.0	500000.0	1638367789.988434	7.005e+04	1.286e+04	1.832e+04	4.768e+04	1.359e+03	5.706e+03	6.175e+03	60.50	69.66	7.88

500000.0	500000.0	1638367790.9384654	7.029e+04	1.298e+04	1.816e+04	4.768e+04	1.354e+03	5.758e+03	6.171e+03	60.49	69.66	7.73

500000.0	500000.0	1638367791.993734	7.041e+04	1.311e+04	1.801e+04	4.764e+04	1.350e+03	5.807e+03	6.167e+03	60.49	69.50	7.89

500000.0	500000.0	1638367792.995185	7.041e+04	1.434e+04	1.786e+04	4.778e+04	1.347e+03	5.856e+03	6.164e+03	60.47	69.62	7.85

500000.0	500000.0	1638367793.9781907	7.087e+04	1.443e+04	1.775e+04	4.773e+04	1.345e+03	5.893e+03	6.161e+03	60.46	69.73	7.86

500000.0	500000.0	1638367795.0048823	7.078e+04	1.450e+04	1.764e+04	4.783e+04	1.344e+03	5.932e+03	6.158e+03	60.45	69.85	7.92

##########################################################_BOMBA_DESLIGADA_###########################################################
1	1	1638367796.9359145	7.083e+04	1.501e+04	1.735e+04	4.813e+04	1.333e+03	6.025e+03	6.145e+03	60.65	99.56	10.02

500000.0	1	1638367797.9400012	7.313e+04	1.500e+04	1.721e+04	5.023e+04	1.349e+03	6.135e+03	6.173e+03	60.59	99.52	10.49

500000.0	1	1638367798.941878	7.487e+04	1.490e+04	1.711e+04	5.161e+04	1.364e+03	6.226e+03	6.201e+03	60.56	99.44	10.50

500000.0	1	1638367799.9858477	7.580e+04	1.481e+04	1.702e+04	5.252e+04	1.379e+03	6.312e+03	6.227e+03	60.52	99.52	10.56

500000.0	1	1638367800.940159	7.646e+04	1.473e+04	1.694e+04	5.294e+04	1.393e+03	6.393e+03	6.249e+03	60.51	99.48	10.57

500000.0	1	1638367801.982815	7.698e+04	1.468e+04	1.685e+04	5.317e+04	1.406e+03	6.473e+03	6.269e+03	60.49	99.60	10.58

500000.0	1	1638367802.9713135	7.732e+04	1.463e+04	1.676e+04	5.329e+04	1.416e+03	6.549e+03	6.285e+03	60.49	99.56	10.52

500000.0	1	1638367803.979844	7.766e+04	1.460e+04	1.667e+04	5.341e+04	1.427e+03	6.622e+03	6.302e+03	60.46	99.56	10.38

500000.0	1	1638367804.983055	7.791e+04	1.456e+04	1.658e+04	5.341e+04	1.437e+03	6.692e+03	6.317e+03	60.44	99.60	10.56

500000.0	1	1638367805.9300172	7.820e+04	1.454e+04	1.650e+04	5.329e+04	1.445e+03	6.755e+03	6.328e+03	60.42	99.60	10.37

500000.0	1	1638367806.9790208	7.845e+04	1.450e+04	1.642e+04	5.323e+04	1.452e+03	6.818e+03	6.341e+03	60.44	99.52	10.43

500000.0	1	1638367807.980042	7.875e+04	1.446e+04	1.635e+04	5.299e+04	1.460e+03	6.874e+03	6.352e+03	60.41	99.52	10.32

500000.0	1	1638367808.9805408	7.900e+04	1.443e+04	1.630e+04	5.288e+04	1.467e+03	6.930e+03	6.365e+03	60.41	99.40	10.41

500000.0	1	1638367809.9840205	7.915e+04	1.438e+04	1.623e+04	5.276e+04	1.474e+03	6.985e+03	6.376e+03	60.41	99.52	10.19

500000.0	1	1638367810.9741325	7.951e+04	1.413e+04	1.618e+04	5.258e+04	1.480e+03	7.035e+03	6.388e+03	60.41	99.52	10.18

500000.0	1	1638367811.9743788	7.971e+04	1.278e+04	1.612e+04	5.241e+04	1.489e+03	7.083e+03	6.399e+03	60.38	99.56	10.25

500000.0	1	1638367812.9727337	8.002e+04	1.275e+04	1.609e+04	5.218e+04	1.495e+03	7.127e+03	6.409e+03	60.37	99.44	9.99

500000.0	1	1638367813.9756134	8.022e+04	1.269e+04	1.604e+04	5.201e+04	1.500e+03	7.173e+03	6.420e+03	60.38	99.44	10.29

500000.0	1	1638367814.9715133	8.059e+04	1.265e+04	1.601e+04	5.189e+04	1.507e+03	7.216e+03	6.431e+03	60.37	99.52	10.17

500000.0	1	1638367815.9648888	8.074e+04	1.260e+04	1.596e+04	5.172e+04	1.513e+03	7.260e+03	6.441e+03	60.37	99.52	10.01

500000.0	1	1638367816.9744964	8.095e+04	1.254e+04	1.592e+04	5.155e+04	1.519e+03	7.302e+03	6.452e+03	60.36	99.56	10.08

500000.0	1	1638367817.9125347	8.122e+04	1.251e+04	1.589e+04	5.127e+04	1.525e+03	7.340e+03	6.462e+03	60.36	99.44	10.20

500000.0	1	1638367818.968663	8.143e+04	1.244e+04	1.585e+04	5.116e+04	1.532e+03	7.382e+03	6.473e+03	60.36	99.52	9.91

500000.0	1	1638367819.9646914	8.164e+04	1.238e+04	1.581e+04	5.100e+04	1.538e+03	7.424e+03	6.481e+03	60.36	99.56	10.12

500000.0	1	1638367820.9651392	8.186e+04	1.233e+04	1.578e+04	5.083e+04	1.544e+03	7.465e+03	6.490e+03	60.37	99.56	10.01

500000.0	1	1638367821.9635093	8.213e+04	1.227e+04	1.575e+04	5.056e+04	1.549e+03	7.502e+03	6.500e+03	60.37	99.44	10.04

500000.0	1	1638367822.9647074	8.240e+04	1.222e+04	1.571e+04	5.045e+04	1.556e+03	7.541e+03	6.508e+03	60.37	99.48	10.03

500000.0	1	1638367823.9576008	8.250e+04	1.216e+04	1.567e+04	5.029e+04	1.563e+03	7.588e+03	6.519e+03	60.36	99.52	9.98

500000.0	1	1638367824.9589715	8.267e+04	1.210e+04	1.564e+04	5.018e+04	1.568e+03	7.626e+03	6.526e+03	60.36	99.40	9.77

500000.0	1	1638367825.8703682	8.289e+04	1.204e+04	1.560e+04	5.002e+04	1.576e+03	7.666e+03	6.537e+03	60.35	99.52	9.92

500000.0	1	1638367826.9178772	8.316e+04	1.197e+04	1.556e+04	4.992e+04	1.582e+03	7.710e+03	6.547e+03	60.35	99.56	9.76

500000.0	1	1638367827.9561725	8.327e+04	1.192e+04	1.552e+04	4.970e+04	1.588e+03	7.750e+03	6.553e+03	60.36	99.44	9.92

500000.0	1	1638367828.9548066	8.344e+04	1.185e+04	1.548e+04	4.955e+04	1.594e+03	7.797e+03	6.560e+03	60.36	99.52	9.86

500000.0	1	1638367829.9489586	8.355e+04	1.179e+04	1.544e+04	4.944e+04	1.602e+03	7.834e+03	6.571e+03	60.35	99.48	9.88

500000.0	1	1638367830.9568844	8.377e+04	1.172e+04	1.539e+04	4.934e+04	1.608e+03	7.881e+03	6.579e+03	60.35	99.60	9.89

500000.0	1	1638367831.9502058	8.400e+04	1.167e+04	1.535e+04	4.913e+04	1.614e+03	7.922e+03	6.587e+03	60.36	99.52	9.79

500000.0	1	1638367832.9550903	8.428e+04	1.160e+04	1.531e+04	4.908e+04	1.621e+03	7.968e+03	6.597e+03	60.35	99.48	9.91

500000.0	1	1638367833.9382918	8.433e+04	1.155e+04	1.527e+04	4.888e+04	1.627e+03	8.012e+03	6.604e+03	60.36	99.48	9.85

500000.0	1	1638367834.9472127	8.462e+04	1.146e+04	1.522e+04	4.883e+04	1.634e+03	8.060e+03	6.614e+03	60.35	99.56	9.84

500000.0	1	1638367835.949652	8.473e+04	1.139e+04	1.518e+04	4.878e+04	1.642e+03	8.109e+03	6.622e+03	60.35	99.56	9.89

500000.0	1	1638367836.9503202	8.479e+04	1.133e+04	1.513e+04	4.857e+04	1.648e+03	8.154e+03	6.630e+03	60.36	99.52	9.92

500000.0	1	1638367837.9480536	8.513e+04	1.128e+04	1.508e+04	4.842e+04	1.656e+03	8.201e+03	6.636e+03	60.37	99.48	9.76

500000.0	1	1638367838.9482484	8.519e+04	1.120e+04	1.503e+04	4.842e+04	1.662e+03	8.251e+03	6.645e+03	60.37	99.60	9.84

500000.0	1	1638367839.9432411	8.531e+04	1.114e+04	1.498e+04	4.827e+04	1.669e+03	8.299e+03	6.651e+03	60.36	99.48	9.85

500000.0	1	1638367840.949114	8.542e+04	1.108e+04	1.493e+04	4.818e+04	1.676e+03	8.347e+03	6.659e+03	60.36	99.48	9.85

500000.0	1	1638367841.945181	8.565e+04	1.101e+04	1.488e+04	4.808e+04	1.684e+03	8.398e+03	6.666e+03	60.36	99.52	9.69

500000.0	1	1638367842.9483476	8.577e+04	1.094e+04	1.483e+04	4.803e+04	1.691e+03	8.449e+03	6.676e+03	60.36	99.56	9.83

500000.0	1	1638367843.9422889	8.595e+04	1.088e+04	1.478e+04	4.793e+04	1.698e+03	8.496e+03	6.684e+03	60.35	99.48	9.83

500000.0	1	1638367844.9355087	8.606e+04	1.081e+04	1.473e+04	4.783e+04	1.705e+03	8.550e+03	6.691e+03	60.36	99.56	9.67

500000.0	1	1638367845.8909013	8.618e+04	1.075e+04	1.468e+04	4.768e+04	1.712e+03	8.602e+03	6.699e+03	60.37	99.60	9.62

500000.0	1	1638367846.9426136	8.642e+04	1.068e+04	1.462e+04	4.759e+04	1.719e+03	8.655e+03	6.704e+03	60.37	99.48	9.77

500000.0	1	1638367847.890136	8.647e+04	1.062e+04	1.457e+04	4.749e+04	1.727e+03	8.708e+03	6.712e+03	60.38	99.52	9.70

500000.0	1	1638367848.9351428	8.647e+04	1.056e+04	1.452e+04	4.740e+04	1.735e+03	8.761e+03	6.719e+03	60.37	99.48	9.73

500000.0	1	1638367849.9364138	8.677e+04	1.048e+04	1.446e+04	4.740e+04	1.742e+03	8.817e+03	6.727e+03	60.37	99.56	9.74

500000.0	1	1638367850.9351985	8.695e+04	1.042e+04	1.441e+04	4.735e+04	1.750e+03	8.869e+03	6.737e+03	60.38	99.56	9.76

500000.0	1	1638367851.9355404	8.695e+04	1.034e+04	1.436e+04	4.725e+04	1.757e+03	8.925e+03	6.742e+03	60.38	99.56	9.74

500000.0	1	1638367852.925632	8.707e+04	1.028e+04	1.431e+04	4.716e+04	1.765e+03	8.983e+03	6.749e+03	60.40	99.52	9.73

500000.0	1	1638367853.9333801	8.731e+04	1.021e+04	1.425e+04	4.711e+04	1.772e+03	9.036e+03	6.755e+03	60.38	99.52	9.64

500000.0	1	1638367854.9317803	8.749e+04	1.016e+04	1.420e+04	4.697e+04	1.780e+03	9.096e+03	6.762e+03	60.41	99.48	9.62

500000.0	1	1638367855.9270406	8.761e+04	1.008e+04	1.414e+04	4.692e+04	1.788e+03	9.150e+03	6.770e+03	60.38	99.52	9.71

############################################################_BOMBA_LIGADA_############################################################
1	500000.0	1638367861.9258232	9.198e+04	9.345e+03	1.398e+04	4.568e+04	1.872e+03	9.440e+03	6.832e+03	59.97	55.91	7.35

500000.0	500000.0	1638367862.9196455	9.463e+04	9.038e+03	1.401e+04	4.165e+04	1.891e+03	9.452e+03	6.844e+03	59.76	55.29	5.86

500000.0	500000.0	1638367863.918404	9.756e+04	8.719e+03	1.385e+04	3.966e+04	1.913e+03	9.643e+03	6.869e+03	59.59	55.13	5.32

500000.0	500000.0	1638367864.9234567	9.959e+04	8.358e+03	1.354e+04	3.889e+04	1.939e+03	9.968e+03	6.902e+03	59.44	55.09	5.38

500000.0	500000.0	1638367865.9068518	1.013e+05	8.115e+03	1.318e+04	3.849e+04	1.966e+03	1.036e+04	6.932e+03	59.30	55.05	5.00

500000.0	500000.0	1638367866.9110188	1.029e+05	7.893e+03	1.279e+04	3.839e+04	1.992e+03	1.077e+04	6.963e+03	59.18	55.17	5.25

500000.0	500000.0	1638367867.919382	1.038e+05	7.723e+03	1.238e+04	3.843e+04	2.018e+03	1.124e+04	6.992e+03	59.06	55.25	5.13

500000.0	500000.0	1638367868.9180925	1.045e+05	7.581e+03	1.198e+04	3.846e+04	2.043e+03	1.172e+04	7.018e+03	58.95	55.09	4.99

500000.0	500000.0	1638367869.9175477	1.050e+05	7.418e+03	1.119e+04	3.856e+04	2.064e+03	1.213e+04	7.042e+03	58.86	55.05	5.00

500000.0	500000.0	1638367870.9139984	1.053e+05	7.376e+03	1.091e+04	3.875e+04	2.085e+03	1.243e+04	7.061e+03	58.77	55.21	5.01

500000.0	500000.0	1638367871.9176645	1.056e+05	7.312e+03	1.073e+04	3.882e+04	2.101e+03	1.265e+04	7.073e+03	58.68	55.05	4.94

500000.0	500000.0	1638367872.916881	1.058e+05	7.305e+03	1.053e+04	3.905e+04	2.117e+03	1.289e+04	7.089e+03	58.61	55.09	4.95

500000.0	500000.0	1638367873.8713722	1.061e+05	7.277e+03	1.028e+04	3.925e+04	2.136e+03	1.319e+04	7.108e+03	58.55	55.21	5.01

500000.0	500000.0	1638367874.9155962	1.062e+05	7.277e+03	1.011e+04	3.946e+04	2.153e+03	1.341e+04	7.120e+03	58.49	55.09	4.86

500000.0	500000.0	1638367875.907898	1.062e+05	7.270e+03	1.002e+04	3.966e+04	2.166e+03	1.352e+04	7.129e+03	58.42	55.21	4.96

500000.0	500000.0	1638367876.9095619	1.064e+05	7.263e+03	1.001e+04	3.984e+04	2.176e+03	1.354e+04	7.136e+03	58.38	55.21	5.01

500000.0	500000.0	1638367877.9099395	1.063e+05	7.263e+03	1.004e+04	4.001e+04	2.184e+03	1.351e+04	7.143e+03	58.32	55.17	4.99

500000.0	500000.0	1638367878.9125438	1.064e+05	7.256e+03	1.007e+04	4.029e+04	2.191e+03	1.347e+04	7.148e+03	58.27	55.29	4.81

500000.0	500000.0	1638367879.8658314	1.065e+05	7.256e+03	1.012e+04	4.047e+04	2.198e+03	1.342e+04	7.152e+03	58.21	55.09	4.75

500000.0	500000.0	1638367880.903348	1.066e+05	7.256e+03	1.016e+04	4.069e+04	2.205e+03	1.337e+04	7.157e+03	58.18	55.25	4.94

500000.0	500000.0	1638367881.9034708	1.068e+05	7.256e+03	1.021e+04	4.087e+04	2.210e+03	1.332e+04	7.160e+03	58.14	55.17	4.82

500000.0	500000.0	1638367882.90388	1.068e+05	7.263e+03	1.025e+04	4.113e+04	2.217e+03	1.327e+04	7.162e+03	58.09	55.13	4.96

500000.0	500000.0	1638367883.858205	1.068e+05	7.263e+03	1.028e+04	4.131e+04	2.222e+03	1.324e+04	7.168e+03	58.06	55.25	4.91

500000.0	500000.0	1638367884.907562	1.068e+05	7.263e+03	1.032e+04	4.154e+04	2.228e+03	1.320e+04	7.171e+03	58.03	55.17	4.98

500000.0	500000.0	1638367885.8911662	1.069e+05	7.270e+03	1.035e+04	4.172e+04	2.232e+03	1.317e+04	7.175e+03	58.00	55.25	4.99

500000.0	500000.0	1638367886.8529267	1.068e+05	7.277e+03	1.035e+04	4.195e+04	2.236e+03	1.316e+04	7.180e+03	57.98	55.17	4.95

500000.0	500000.0	1638367887.895945	1.070e+05	7.277e+03	1.037e+04	4.211e+04	2.241e+03	1.316e+04	7.183e+03	57.95	55.25	4.94

500000.0	500000.0	1638367888.8973536	1.070e+05	7.277e+03	1.037e+04	4.234e+04	2.246e+03	1.314e+04	7.185e+03	57.93	55.25	4.90

500000.0	500000.0	1638367889.900212	1.069e+05	7.277e+03	1.039e+04	4.253e+04	2.249e+03	1.313e+04	7.189e+03	57.89	55.29	4.94

500000.0	500000.0	1638367890.8968391	1.069e+05	7.277e+03	1.040e+04	4.265e+04	2.253e+03	1.311e+04	7.192e+03	57.91	55.09	4.89

500000.0	500000.0	1638367891.8974297	1.071e+05	7.277e+03	1.040e+04	4.289e+04	2.256e+03	1.310e+04	7.194e+03	57.88	55.25	4.84

500000.0	500000.0	1638367892.8953319	1.069e+05	7.277e+03	1.041e+04	4.305e+04	2.260e+03	1.310e+04	7.197e+03	57.82	55.21	4.91

500000.0	500000.0	1638367893.8797998	1.070e+05	7.277e+03	1.042e+04	4.321e+04	2.262e+03	1.310e+04	7.199e+03	57.82	55.17	5.00

500000.0	500000.0	1638367894.891809	1.072e+05	7.277e+03	1.042e+04	4.341e+04	2.265e+03	1.309e+04	7.201e+03	57.80	55.17	4.94

500000.0	500000.0	1638367895.8335483	1.069e+05	7.277e+03	1.042e+04	4.362e+04	2.269e+03	1.310e+04	7.203e+03	57.79	55.17	4.86

500000.0	500000.0	1638367896.8810818	1.073e+05	7.277e+03	1.042e+04	4.374e+04	2.272e+03	1.309e+04	7.206e+03	57.75	55.29	4.94

500000.0	500000.0	1638367897.889911	1.071e+05	7.277e+03	1.042e+04	4.395e+04	2.276e+03	1.310e+04	7.208e+03	57.73	55.17	4.76

500000.0	500000.0	1638367898.8870142	1.073e+05	7.277e+03	1.042e+04	4.412e+04	2.279e+03	1.310e+04	7.210e+03	57.73	55.29	4.87

500000.0	500000.0	1638367899.8868937	1.073e+05	7.277e+03	1.042e+04	4.420e+04	2.281e+03	1.310e+04	7.210e+03	57.72	55.09	4.93

500000.0	500000.0	1638367900.8895733	1.073e+05	7.277e+03	1.042e+04	4.437e+04	2.284e+03	1.310e+04	7.213e+03	57.71	55.17	4.86

500000.0	500000.0	1638367901.8892767	1.075e+05	7.277e+03	1.043e+04	4.450e+04	2.287e+03	1.309e+04	7.215e+03	57.67	55.13	4.77

500000.0	500000.0	1638367902.8882368	1.074e+05	7.277e+03	1.043e+04	4.467e+04	2.289e+03	1.309e+04	7.215e+03	57.70	55.13	4.92

500000.0	500000.0	1638367903.8850865	1.074e+05	7.277e+03	1.042e+04	4.489e+04	2.291e+03	1.309e+04	7.219e+03	57.69	55.29	4.76

500000.0	500000.0	1638367904.8797066	1.074e+05	7.277e+03	1.043e+04	4.502e+04	2.293e+03	1.309e+04	7.220e+03	57.66	55.13	4.86

500000.0	500000.0	1638367905.8816226	1.074e+05	7.277e+03	1.042e+04	4.519e+04	2.295e+03	1.309e+04	7.224e+03	57.64	55.29	4.87

500000.0	500000.0	1638367906.871875	1.073e+05	7.277e+03	1.043e+04	4.523e+04	2.297e+03	1.308e+04	7.224e+03	57.65	55.29	4.84

500000.0	500000.0	1638367907.8778827	1.075e+05	7.277e+03	1.044e+04	4.541e+04	2.299e+03	1.308e+04	7.224e+03	57.63	55.09	4.88

500000.0	500000.0	1638367908.868218	1.074e+05	7.277e+03	1.045e+04	4.550e+04	2.300e+03	1.307e+04	7.224e+03	57.63	55.33	4.86

500000.0	500000.0	1638367909.880921	1.071e+05	7.277e+03	1.046e+04	4.563e+04	2.301e+03	1.307e+04	7.229e+03	57.62	55.17	4.83

500000.0	500000.0	1638367910.8808057	1.074e+05	7.277e+03	1.045e+04	4.572e+04	2.303e+03	1.306e+04	7.228e+03	57.60	55.21	4.91

500000.0	500000.0	1638367911.8768325	1.075e+05	7.277e+03	1.046e+04	4.581e+04	2.306e+03	1.305e+04	7.228e+03	57.59	55.09	4.83

500000.0	500000.0	1638367912.822198	1.075e+05	7.277e+03	1.046e+04	4.604e+04	2.307e+03	1.305e+04	7.229e+03	57.59	55.21	4.71

500000.0	500000.0	1638367913.8258379	1.074e+05	7.277e+03	1.046e+04	4.609e+04	2.308e+03	1.306e+04	7.229e+03	57.59	55.09	4.85

500000.0	500000.0	1638367914.8246224	1.074e+05	7.277e+03	1.046e+04	4.627e+04	2.311e+03	1.307e+04	7.231e+03	57.59	55.25	4.94

500000.0	500000.0	1638367915.8681686	1.075e+05	7.277e+03	1.046e+04	4.636e+04	2.313e+03	1.307e+04	7.231e+03	57.59	55.17	5.04

500000.0	500000.0	1638367916.864297	1.071e+05	7.277e+03	1.044e+04	4.655e+04	2.315e+03	1.308e+04	7.235e+03	57.58	55.21	4.76

500000.0	500000.0	1638367917.8694243	1.076e+05	7.277e+03	1.043e+04	4.655e+04	2.316e+03	1.310e+04	7.235e+03	57.58	55.29	4.85

500000.0	500000.0	1638367918.866261	1.077e+05	7.277e+03	1.042e+04	4.664e+04	2.319e+03	1.311e+04	7.236e+03	57.58	55.13	4.87

500000.0	500000.0	1638367919.8521695	1.075e+05	7.277e+03	1.039e+04	4.678e+04	2.321e+03	1.313e+04	7.238e+03	57.57	55.33	5.00

500000.0	500000.0	1638367920.8645933	1.077e+05	7.277e+03	1.037e+04	4.692e+04	2.324e+03	1.314e+04	7.242e+03	57.57	55.21	4.64

##########################################################_BOMBA_DESLIGADA_###########################################################
#####################################################_CICLO_FINALIZADO_3_DE_5_#####################################################
1	1	1638367984.8091023	1.062e+05	7.305e+03	6.387e+03	5.433e+04	3.013e+03	2.015e+04	7.618e+03	60.15	99.52	7.61

500000.0	1	1638367985.8007193	1.064e+05	7.305e+03	6.375e+03	5.433e+04	3.023e+03	2.021e+04	7.622e+03	60.15	99.44	7.66

500000.0	1	1638367986.7583413	1.064e+05	7.305e+03	6.363e+03	5.420e+04	3.029e+03	2.027e+04	7.625e+03	60.16	99.48	7.61

#####################################################_CICLO_INICIADO_4_DE_5_#####################################################
############################################################_BOMBA_LIGADA_############################################################
1	500000.0	1638367992.7463994	8.069e+04	7.305e+03	9.626e+03	5.078e+04	2.583e+03	1.410e+04	7.317e+03	60.21	69.30	7.28

500000.0	500000.0	1638367993.7923617	7.217e+04	7.298e+03	1.411e+04	4.893e+04	2.222e+03	9.834e+03	7.001e+03	60.28	69.26	7.47

500000.0	500000.0	1638367994.7907655	6.873e+04	7.305e+03	1.653e+04	4.803e+04	1.962e+03	7.660e+03	6.745e+03	60.32	69.26	7.70

500000.0	500000.0	1638367995.7924316	6.734e+04	7.872e+03	1.801e+04	4.754e+04	1.784e+03	6.575e+03	6.566e+03	60.37	69.46	7.83

500000.0	500000.0	1638367996.7916894	6.703e+04	9.096e+03	1.880e+04	4.720e+04	1.665e+03	6.019e+03	6.444e+03	60.40	69.26	7.99

500000.0	500000.0	1638367997.7371752	6.688e+04	1.007e+04	1.914e+04	4.701e+04	1.583e+03	5.737e+03	6.361e+03	60.42	69.38	7.91

500000.0	500000.0	1638367998.786779	6.726e+04	1.081e+04	1.922e+04	4.697e+04	1.523e+03	5.605e+03	6.302e+03	60.42	69.26	7.88

500000.0	500000.0	1638367999.789927	6.749e+04	1.136e+04	1.915e+04	4.687e+04	1.481e+03	5.553e+03	6.260e+03	60.44	69.50	7.99

500000.0	500000.0	1638368000.7880278	6.776e+04	1.178e+04	1.902e+04	4.678e+04	1.448e+03	5.547e+03	6.229e+03	60.46	69.30	7.85

500000.0	500000.0	1638368001.7861435	6.799e+04	1.213e+04	1.884e+04	4.678e+04	1.425e+03	5.572e+03	6.207e+03	60.47	69.46	8.07

500000.0	500000.0	1638368002.780977	6.822e+04	1.239e+04	1.864e+04	4.683e+04	1.407e+03	5.615e+03	6.188e+03	60.46	69.42	8.13

500000.0	500000.0	1638368003.7917354	6.853e+04	1.262e+04	1.843e+04	4.683e+04	1.394e+03	5.666e+03	6.176e+03	60.46	69.62	8.00

500000.0	500000.0	1638368004.7359612	6.865e+04	1.281e+04	1.824e+04	4.673e+04	1.383e+03	5.723e+03	6.167e+03	60.46	69.38	8.09

500000.0	500000.0	1638368005.7345226	6.888e+04	1.294e+04	1.807e+04	4.687e+04	1.375e+03	5.773e+03	6.159e+03	60.46	69.54	8.12

500000.0	500000.0	1638368006.7816956	6.908e+04	1.311e+04	1.789e+04	4.692e+04	1.369e+03	5.824e+03	6.155e+03	60.45	69.62	8.18

500000.0	500000.0	1638368007.7807658	6.920e+04	1.405e+04	1.775e+04	4.687e+04	1.364e+03	5.873e+03	6.148e+03	60.45	69.42	8.08

500000.0	500000.0	1638368008.732949	6.944e+04	1.446e+04	1.761e+04	4.697e+04	1.361e+03	5.917e+03	6.144e+03	60.42	69.46	7.98

500000.0	500000.0	1638368009.776357	6.944e+04	1.455e+04	1.749e+04	4.697e+04	1.358e+03	5.962e+03	6.141e+03	60.41	69.42	8.12

500000.0	500000.0	1638368010.7726328	6.952e+04	1.463e+04	1.737e+04	4.697e+04	1.355e+03	6.000e+03	6.139e+03	60.41	69.42	8.16

##########################################################_BOMBA_DESLIGADA_###########################################################
1	1	1638368013.77797	6.992e+04	1.519e+04	1.696e+04	4.725e+04	1.343e+03	6.143e+03	6.127e+03	60.59	99.48	10.20

500000.0	1	1638368014.7309124	7.213e+04	1.519e+04	1.683e+04	4.934e+04	1.358e+03	6.258e+03	6.159e+03	60.55	99.48	10.76

500000.0	1	1638368015.722577	7.384e+04	1.508e+04	1.675e+04	5.067e+04	1.373e+03	6.354e+03	6.187e+03	60.52	99.52	10.87

500000.0	1	1638368016.764134	7.497e+04	1.499e+04	1.667e+04	5.155e+04	1.389e+03	6.440e+03	6.215e+03	60.49	99.56	10.92

500000.0	1	1638368017.7753253	7.571e+04	1.491e+04	1.659e+04	5.206e+04	1.403e+03	6.525e+03	6.238e+03	60.46	99.60	10.88

500000.0	1	1638368018.7732108	7.617e+04	1.485e+04	1.650e+04	5.241e+04	1.416e+03	6.604e+03	6.260e+03	60.44	99.56	10.83

500000.0	1	1638368019.7560873	7.646e+04	1.481e+04	1.642e+04	5.247e+04	1.427e+03	6.681e+03	6.275e+03	60.44	99.44	10.90

500000.0	1	1638368020.765914	7.684e+04	1.479e+04	1.632e+04	5.252e+04	1.438e+03	6.755e+03	6.292e+03	60.41	99.48	10.72

500000.0	1	1638368021.7175457	7.698e+04	1.476e+04	1.624e+04	5.252e+04	1.447e+03	6.828e+03	6.305e+03	60.41	99.44	10.84

500000.0	1	1638368022.7188125	7.737e+04	1.473e+04	1.615e+04	5.252e+04	1.456e+03	6.896e+03	6.321e+03	60.38	99.60	10.72

500000.0	1	1638368023.7016473	7.752e+04	1.469e+04	1.609e+04	5.241e+04	1.465e+03	6.955e+03	6.333e+03	60.38	99.48	10.69

500000.0	1	1638368024.7617586	7.781e+04	1.465e+04	1.601e+04	5.218e+04	1.471e+03	7.016e+03	6.343e+03	60.38	99.44	10.70

500000.0	1	1638368025.7567089	7.805e+04	1.461e+04	1.594e+04	5.218e+04	1.480e+03	7.075e+03	6.355e+03	60.38	99.52	10.42

500000.0	1	1638368026.7562432	7.830e+04	1.456e+04	1.589e+04	5.206e+04	1.488e+03	7.127e+03	6.368e+03	60.36	99.64	10.64

500000.0	1	1638368027.7554882	7.865e+04	1.452e+04	1.584e+04	5.189e+04	1.495e+03	7.177e+03	6.377e+03	60.36	99.48	10.48

500000.0	1	1638368028.750863	7.890e+04	1.445e+04	1.579e+04	5.172e+04	1.501e+03	7.226e+03	6.388e+03	60.36	99.60	10.40

500000.0	1	1638368029.7525284	7.910e+04	1.440e+04	1.575e+04	5.144e+04	1.507e+03	7.269e+03	6.399e+03	60.35	99.40	10.39

500000.0	1	1638368030.7100277	7.930e+04	1.434e+04	1.571e+04	5.127e+04	1.514e+03	7.314e+03	6.409e+03	60.35	99.48	10.43

500000.0	1	1638368031.7507765	7.956e+04	1.288e+04	1.566e+04	5.111e+04	1.520e+03	7.358e+03	6.418e+03	60.36	99.48	10.29

500000.0	1	1638368032.754297	7.986e+04	1.282e+04	1.564e+04	5.111e+04	1.528e+03	7.402e+03	6.431e+03	60.33	99.44	10.13

500000.0	1	1638368033.7586517	7.997e+04	1.276e+04	1.559e+04	5.083e+04	1.533e+03	7.446e+03	6.438e+03	60.36	99.60	10.12

500000.0	1	1638368034.7527084	8.022e+04	1.272e+04	1.556e+04	5.061e+04	1.539e+03	7.487e+03	6.450e+03	60.35	99.56	10.26

500000.0	1	1638368035.7462103	8.038e+04	1.266e+04	1.552e+04	5.045e+04	1.546e+03	7.528e+03	6.460e+03	60.35	99.56	10.47

500000.0	1	1638368036.7470493	8.059e+04	1.261e+04	1.549e+04	5.034e+04	1.551e+03	7.569e+03	6.468e+03	60.33	99.44	10.06

500000.0	1	1638368037.701194	8.090e+04	1.255e+04	1.545e+04	5.029e+04	1.559e+03	7.609e+03	6.479e+03	60.32	99.52	10.36

500000.0	1	1638368038.7465973	8.111e+04	1.248e+04	1.541e+04	4.997e+04	1.565e+03	7.650e+03	6.489e+03	60.32	99.60	10.20

500000.0	1	1638368039.746851	8.138e+04	1.244e+04	1.538e+04	4.992e+04	1.572e+03	7.687e+03	6.498e+03	60.32	99.52	10.17

500000.0	1	1638368040.7433975	8.154e+04	1.238e+04	1.534e+04	4.976e+04	1.578e+03	7.731e+03	6.506e+03	60.32	99.56	10.26

500000.0	1	1638368041.7445211	8.170e+04	1.232e+04	1.531e+04	4.955e+04	1.584e+03	7.771e+03	6.515e+03	60.33	99.40	10.11

500000.0	1	1638368042.7431562	8.186e+04	1.224e+04	1.527e+04	4.950e+04	1.591e+03	7.816e+03	6.526e+03	60.32	99.60	10.14

500000.0	1	1638368043.7399087	8.186e+04	1.219e+04	1.524e+04	4.934e+04	1.597e+03	7.857e+03	6.532e+03	60.33	99.48	10.14

500000.0	1	1638368044.6942456	8.234e+04	1.214e+04	1.520e+04	4.913e+04	1.604e+03	7.896e+03	6.540e+03	60.32	99.48	10.17

500000.0	1	1638368045.7376192	8.234e+04	1.206e+04	1.515e+04	4.903e+04	1.610e+03	7.944e+03	6.550e+03	60.33	99.52	10.17

500000.0	1	1638368046.7295094	8.267e+04	1.199e+04	1.512e+04	4.893e+04	1.617e+03	7.988e+03	6.560e+03	60.33	99.60	10.04

500000.0	1	1638368047.736505	8.272e+04	1.193e+04	1.507e+04	4.878e+04	1.624e+03	8.030e+03	6.566e+03	60.33	99.52	10.22

500000.0	1	1638368048.7393508	8.300e+04	1.187e+04	1.504e+04	4.862e+04	1.631e+03	8.074e+03	6.576e+03	60.32	99.48	9.90

500000.0	1	1638368049.6889944	8.327e+04	1.180e+04	1.499e+04	4.862e+04	1.638e+03	8.119e+03	6.584e+03	60.31	99.52	10.22

500000.0	1	1638368050.7424018	8.349e+04	1.174e+04	1.495e+04	4.842e+04	1.644e+03	8.166e+03	6.592e+03	60.31	99.52	10.21

500000.0	1	1638368051.7253432	8.355e+04	1.168e+04	1.490e+04	4.827e+04	1.651e+03	8.209e+03	6.600e+03	60.32	99.48	10.11

500000.0	1	1638368052.7219827	8.372e+04	1.162e+04	1.487e+04	4.813e+04	1.658e+03	8.257e+03	6.607e+03	60.33	99.44	10.12

500000.0	1	1638368053.7323303	8.377e+04	1.154e+04	1.482e+04	4.798e+04	1.665e+03	8.307e+03	6.615e+03	60.33	99.48	10.04

500000.0	1	1638368054.7276297	8.400e+04	1.148e+04	1.477e+04	4.793e+04	1.672e+03	8.353e+03	6.623e+03	60.33	99.48	10.15

500000.0	1	1638368055.7282925	8.405e+04	1.140e+04	1.473e+04	4.788e+04	1.679e+03	8.406e+03	6.633e+03	60.33	99.52	10.11

500000.0	1	1638368056.725799	8.439e+04	1.134e+04	1.468e+04	4.783e+04	1.687e+03	8.455e+03	6.641e+03	60.32	99.52	10.17

500000.0	1	1638368057.7134707	8.450e+04	1.127e+04	1.462e+04	4.773e+04	1.694e+03	8.502e+03	6.648e+03	60.33	99.56	9.95

500000.0	1	1638368058.7325299	8.462e+04	1.121e+04	1.457e+04	4.764e+04	1.702e+03	8.554e+03	6.656e+03	60.32	99.52	10.12

500000.0	1	1638368059.7227948	8.473e+04	1.114e+04	1.452e+04	4.754e+04	1.709e+03	8.606e+03	6.664e+03	60.35	99.56	9.97

500000.0	1	1638368060.7220762	8.490e+04	1.107e+04	1.447e+04	4.749e+04	1.716e+03	8.659e+03	6.671e+03	60.33	99.56	10.02

500000.0	1	1638368061.7196717	8.513e+04	1.100e+04	1.443e+04	4.730e+04	1.723e+03	8.710e+03	6.677e+03	60.33	99.56	10.04

500000.0	1	1638368062.7213411	8.513e+04	1.095e+04	1.437e+04	4.725e+04	1.730e+03	8.763e+03	6.687e+03	60.35	99.52	10.09

500000.0	1	1638368063.718684	8.542e+04	1.088e+04	1.431e+04	4.716e+04	1.738e+03	8.815e+03	6.694e+03	60.35	99.52	9.95

500000.0	1	1638368064.7233396	8.548e+04	1.083e+04	1.427e+04	4.701e+04	1.745e+03	8.869e+03	6.699e+03	60.35	99.48	9.94

500000.0	1	1638368065.715697	8.571e+04	1.074e+04	1.422e+04	4.701e+04	1.753e+03	8.925e+03	6.707e+03	60.35	99.56	10.07

500000.0	1	1638368066.7154505	8.554e+04	1.068e+04	1.416e+04	4.692e+04	1.761e+03	8.980e+03	6.715e+03	60.36	99.52	10.00

500000.0	1	1638368067.715954	8.577e+04	1.061e+04	1.411e+04	4.683e+04	1.768e+03	9.036e+03	6.722e+03	60.35	99.44	9.98

500000.0	1	1638368068.7267425	8.600e+04	1.054e+04	1.406e+04	4.678e+04	1.776e+03	9.094e+03	6.730e+03	60.37	99.56	9.82

500000.0	1	1638368069.725441	8.612e+04	1.048e+04	1.400e+04	4.673e+04	1.784e+03	9.148e+03	6.739e+03	60.35	99.48	10.05

500000.0	1	1638368070.7188256	8.624e+04	1.042e+04	1.396e+04	4.664e+04	1.792e+03	9.207e+03	6.744e+03	60.37	99.56	9.93

500000.0	1	1638368071.7092426	8.642e+04	1.033e+04	1.390e+04	4.655e+04	1.799e+03	9.266e+03	6.750e+03	60.36	99.64	9.81

500000.0	1	1638368072.7149181	8.659e+04	1.027e+04	1.385e+04	4.650e+04	1.808e+03	9.324e+03	6.759e+03	60.36	99.52	9.93

############################################################_BOMBA_LIGADA_############################################################
1	500000.0	1638368078.7120643	9.218e+04	9.403e+03	1.374e+04	4.305e+04	1.898e+03	9.576e+03	6.822e+03	59.87	55.41	6.75

500000.0	500000.0	1638368079.696947	9.477e+04	9.082e+03	1.365e+04	4.015e+04	1.919e+03	9.706e+03	6.841e+03	59.69	55.13	6.15

500000.0	500000.0	1638368080.704157	9.720e+04	8.755e+03	1.338e+04	3.892e+04	1.946e+03	1.000e+04	6.873e+03	59.53	55.13	5.69

500000.0	500000.0	1638368081.6548185	9.913e+04	8.409e+03	1.301e+04	3.839e+04	1.974e+03	1.040e+04	6.903e+03	59.40	55.13	5.38

500000.0	500000.0	1638368082.7075987	1.006e+05	8.172e+03	1.261e+04	3.826e+04	2.001e+03	1.084e+04	6.937e+03	59.25	55.21	5.34

500000.0	500000.0	1638368083.6527102	1.016e+05	7.957e+03	1.223e+04	3.813e+04	2.026e+03	1.127e+04	6.961e+03	59.13	55.13	5.38

500000.0	500000.0	1638368084.6995516	1.023e+05	7.801e+03	1.189e+04	3.817e+04	2.050e+03	1.169e+04	6.987e+03	59.04	55.21	5.28

500000.0	500000.0	1638368085.6955173	1.027e+05	7.680e+03	1.122e+04	3.826e+04	2.072e+03	1.206e+04	7.011e+03	58.94	55.05	5.24

500000.0	500000.0	1638368086.7096155	1.031e+05	7.503e+03	1.093e+04	3.843e+04	2.091e+03	1.237e+04	7.026e+03	58.84	55.21	5.10

500000.0	500000.0	1638368087.6418257	1.034e+05	7.425e+03	1.072e+04	3.852e+04	2.110e+03	1.262e+04	7.040e+03	58.77	55.05	5.29

500000.0	500000.0	1638368088.6505783	1.037e+05	7.390e+03	1.056e+04	3.875e+04	2.127e+03	1.282e+04	7.056e+03	58.66	55.17	5.26

500000.0	500000.0	1638368089.6998293	1.040e+05	7.355e+03	1.042e+04	3.889e+04	2.141e+03	1.297e+04	7.070e+03	58.60	55.21	4.95

500000.0	500000.0	1638368090.647803	1.040e+05	7.305e+03	1.033e+04	3.905e+04	2.156e+03	1.310e+04	7.080e+03	58.53	55.05	5.25

500000.0	500000.0	1638368091.6973422	1.041e+05	7.305e+03	1.026e+04	3.925e+04	2.167e+03	1.319e+04	7.091e+03	58.46	55.29	5.21

500000.0	500000.0	1638368092.6997204	1.044e+05	7.284e+03	1.021e+04	3.949e+04	2.179e+03	1.326e+04	7.099e+03	58.41	55.13	5.22

500000.0	500000.0	1638368093.695744	1.044e+05	7.277e+03	1.017e+04	3.977e+04	2.189e+03	1.332e+04	7.106e+03	58.35	55.13	5.26

500000.0	500000.0	1638368094.686268	1.044e+05	7.277e+03	1.015e+04	3.991e+04	2.198e+03	1.335e+04	7.115e+03	58.30	55.25	5.05

500000.0	500000.0	1638368095.6971788	1.044e+05	7.277e+03	1.014e+04	4.008e+04	2.207e+03	1.338e+04	7.120e+03	58.26	55.13	5.00

500000.0	500000.0	1638368096.6916468	1.045e+05	7.277e+03	1.012e+04	4.029e+04	2.216e+03	1.339e+04	7.127e+03	58.21	55.13	5.28

500000.0	500000.0	1638368097.6894255	1.045e+05	7.277e+03	1.010e+04	4.054e+04	2.225e+03	1.342e+04	7.134e+03	58.15	55.09	5.24

500000.0	500000.0	1638368098.683765	1.048e+05	7.277e+03	9.966e+03	4.072e+04	2.238e+03	1.360e+04	7.146e+03	58.12	55.09	5.23

500000.0	500000.0	1638368099.688012	1.049e+05	7.270e+03	9.802e+03	4.091e+04	2.249e+03	1.381e+04	7.155e+03	58.07	55.21	5.23

500000.0	500000.0	1638368100.6538758	1.050e+05	7.270e+03	9.714e+03	4.109e+04	2.259e+03	1.393e+04	7.164e+03	58.05	55.29	5.05

500000.0	500000.0	1638368101.6855059	1.049e+05	7.270e+03	9.682e+03	4.135e+04	2.266e+03	1.396e+04	7.168e+03	58.02	55.21	5.18

500000.0	500000.0	1638368102.6865468	1.050e+05	7.277e+03	9.714e+03	4.142e+04	2.271e+03	1.394e+04	7.169e+03	58.01	55.17	5.22

500000.0	500000.0	1638368103.6816113	1.049e+05	7.277e+03	9.745e+03	4.169e+04	2.277e+03	1.389e+04	7.171e+03	57.98	55.25	5.13

500000.0	500000.0	1638368104.6850257	1.049e+05	7.277e+03	9.796e+03	4.188e+04	2.282e+03	1.384e+04	7.175e+03	57.94	55.17	5.01

500000.0	500000.0	1638368105.6860628	1.049e+05	7.277e+03	9.833e+03	4.207e+04	2.286e+03	1.378e+04	7.178e+03	57.92	55.13	4.96

500000.0	500000.0	1638368106.6804237	1.050e+05	7.277e+03	9.865e+03	4.226e+04	2.291e+03	1.375e+04	7.180e+03	57.88	55.25	5.02

500000.0	500000.0	1638368107.6162019	1.051e+05	7.277e+03	9.897e+03	4.246e+04	2.296e+03	1.371e+04	7.183e+03	57.87	55.21	4.89

500000.0	500000.0	1638368108.678809	1.051e+05	7.277e+03	9.915e+03	4.257e+04	2.299e+03	1.368e+04	7.185e+03	57.85	55.29	5.11

500000.0	500000.0	1638368109.679211	1.051e+05	7.277e+03	9.941e+03	4.281e+04	2.303e+03	1.366e+04	7.187e+03	57.82	55.17	5.20

500000.0	500000.0	1638368110.6726513	1.051e+05	7.277e+03	9.953e+03	4.297e+04	2.307e+03	1.364e+04	7.189e+03	57.81	55.25	5.16

500000.0	500000.0	1638368111.6808882	1.052e+05	7.277e+03	9.979e+03	4.305e+04	2.311e+03	1.362e+04	7.192e+03	57.78	55.21	5.12

500000.0	500000.0	1638368112.6705587	1.053e+05	7.277e+03	9.979e+03	4.325e+04	2.314e+03	1.360e+04	7.194e+03	57.77	55.29	5.23

500000.0	500000.0	1638368113.67572	1.052e+05	7.277e+03	9.998e+03	4.341e+04	2.316e+03	1.359e+04	7.194e+03	57.75	55.29	5.14

500000.0	500000.0	1638368114.6599143	1.052e+05	7.277e+03	1.001e+04	4.358e+04	2.319e+03	1.358e+04	7.197e+03	57.74	55.13	5.18

500000.0	500000.0	1638368115.6276355	1.053e+05	7.277e+03	1.001e+04	4.378e+04	2.321e+03	1.357e+04	7.199e+03	57.74	55.21	4.99

500000.0	500000.0	1638368116.671004	1.052e+05	7.277e+03	1.004e+04	4.387e+04	2.324e+03	1.355e+04	7.199e+03	57.72	55.25	5.06

500000.0	500000.0	1638368117.669474	1.054e+05	7.277e+03	1.005e+04	4.407e+04	2.326e+03	1.353e+04	7.201e+03	57.70	55.09	5.10

500000.0	500000.0	1638368118.6701767	1.053e+05	7.277e+03	1.007e+04	4.420e+04	2.328e+03	1.351e+04	7.205e+03	57.71	55.25	5.04

500000.0	500000.0	1638368119.6674476	1.054e+05	7.277e+03	1.007e+04	4.433e+04	2.330e+03	1.351e+04	7.203e+03	57.70	55.13	5.20

500000.0	500000.0	1638368120.6161127	1.054e+05	7.277e+03	1.008e+04	4.446e+04	2.331e+03	1.349e+04	7.206e+03	57.66	55.37	5.03

500000.0	500000.0	1638368121.6669014	1.055e+05	7.277e+03	1.009e+04	4.458e+04	2.333e+03	1.349e+04	7.208e+03	57.67	55.25	5.19

500000.0	500000.0	1638368122.6605186	1.054e+05	7.277e+03	1.010e+04	4.471e+04	2.335e+03	1.348e+04	7.210e+03	57.65	55.21	5.11

500000.0	500000.0	1638368123.6638505	1.055e+05	7.277e+03	1.010e+04	4.480e+04	2.336e+03	1.348e+04	7.208e+03	57.65	55.13	4.90

500000.0	500000.0	1638368124.650239	1.055e+05	7.277e+03	1.009e+04	4.493e+04	2.338e+03	1.349e+04	7.210e+03	57.67	55.09	5.16

500000.0	500000.0	1638368125.663639	1.055e+05	7.277e+03	1.007e+04	4.519e+04	2.342e+03	1.349e+04	7.213e+03	57.63	55.29	5.13

500000.0	500000.0	1638368126.616461	1.056e+05	7.277e+03	1.006e+04	4.528e+04	2.342e+03	1.351e+04	7.213e+03	57.63	55.25	5.04

500000.0	500000.0	1638368127.6622953	1.056e+05	7.277e+03	1.006e+04	4.537e+04	2.344e+03	1.352e+04	7.217e+03	57.62	55.29	5.16

500000.0	500000.0	1638368128.6608796	1.056e+05	7.277e+03	1.006e+04	4.546e+04	2.348e+03	1.353e+04	7.217e+03	57.59	55.13	5.16

500000.0	500000.0	1638368129.6553273	1.057e+05	7.277e+03	1.004e+04	4.559e+04	2.349e+03	1.354e+04	7.219e+03	57.58	55.41	5.11

500000.0	500000.0	1638368130.6199224	1.056e+05	7.277e+03	1.004e+04	4.572e+04	2.350e+03	1.355e+04	7.220e+03	57.58	55.29	5.15

500000.0	500000.0	1638368131.6509278	1.057e+05	7.277e+03	1.004e+04	4.581e+04	2.353e+03	1.355e+04	7.224e+03	57.57	55.33	5.13

500000.0	500000.0	1638368132.6606543	1.057e+05	7.277e+03	1.004e+04	4.590e+04	2.355e+03	1.355e+04	7.222e+03	57.57	55.17	4.97

500000.0	500000.0	1638368133.6534421	1.057e+05	7.277e+03	1.004e+04	4.599e+04	2.357e+03	1.356e+04	7.224e+03	57.58	55.29	5.05

500000.0	500000.0	1638368134.6535559	1.056e+05	7.277e+03	1.002e+04	4.613e+04	2.358e+03	1.358e+04	7.228e+03	57.58	55.17	5.18

500000.0	500000.0	1638368135.6530294	1.059e+05	7.277e+03	9.991e+03	4.618e+04	2.361e+03	1.361e+04	7.229e+03	57.56	55.29	5.10

500000.0	500000.0	1638368136.6007712	1.056e+05	7.277e+03	9.985e+03	4.631e+04	2.362e+03	1.362e+04	7.228e+03	57.56	55.17	4.97

500000.0	500000.0	1638368137.6524673	1.056e+05	7.277e+03	9.972e+03	4.636e+04	2.365e+03	1.363e+04	7.231e+03	57.53	55.25	5.16

##########################################################_BOMBA_DESLIGADA_###########################################################
#####################################################_CICLO_FINALIZADO_4_DE_5_#####################################################
1	1	1638368200.5875342	1.049e+05	7.305e+03	6.328e+03	5.371e+04	3.040e+03	2.050e+04	7.607e+03	60.13	99.52	7.76

500000.0	1	1638368201.5376358	1.049e+05	7.305e+03	6.311e+03	5.371e+04	3.047e+03	2.057e+04	7.607e+03	60.15	99.56	7.84

500000.0	1	1638368202.5290892	1.049e+05	7.305e+03	6.305e+03	5.371e+04	3.054e+03	2.064e+04	7.612e+03	60.13	99.56	7.95

#####################################################_CICLO_INICIADO_5_DE_5_#####################################################
500000.0	1	1638368203.5839787	1.049e+05	7.305e+03	6.293e+03	5.359e+04	3.063e+03	2.071e+04	7.616e+03	60.16	99.52	7.83

############################################################_BOMBA_LIGADA_############################################################
1	500000.0	1638368208.5725856	9.470e+04	7.305e+03	6.498e+03	5.329e+04	2.974e+03	1.967e+04	7.559e+03	60.16	69.93	7.00

500000.0	500000.0	1638368209.5817618	7.920e+04	7.305e+03	9.501e+03	5.023e+04	2.603e+03	1.426e+04	7.299e+03	60.25	69.34	7.15

500000.0	500000.0	1638368210.5779915	7.112e+04	7.291e+03	1.390e+04	4.852e+04	2.240e+03	9.927e+03	6.978e+03	60.28	69.58	7.59

500000.0	500000.0	1638368211.5664775	6.779e+04	7.305e+03	1.628e+04	4.754e+04	1.973e+03	7.731e+03	6.720e+03	60.33	69.46	7.82

500000.0	500000.0	1638368212.5310552	6.655e+04	8.107e+03	1.773e+04	4.701e+04	1.794e+03	6.643e+03	6.544e+03	60.37	69.38	8.01

500000.0	500000.0	1638368213.5724633	6.622e+04	9.418e+03	1.852e+04	4.673e+04	1.673e+03	6.083e+03	6.422e+03	60.41	69.54	7.86

500000.0	500000.0	1638368214.576319	6.622e+04	1.042e+04	1.887e+04	4.655e+04	1.589e+03	5.792e+03	6.336e+03	60.44	69.38	8.15

500000.0	500000.0	1638368215.557411	6.618e+04	1.117e+04	1.898e+04	4.645e+04	1.529e+03	5.651e+03	6.278e+03	60.46	69.38	8.13

500000.0	500000.0	1638368216.5718472	6.662e+04	1.171e+04	1.893e+04	4.641e+04	1.487e+03	5.593e+03	6.236e+03	60.46	69.50	8.25

500000.0	500000.0	1638368217.5685625	6.688e+04	1.215e+04	1.879e+04	4.641e+04	1.455e+03	5.590e+03	6.207e+03	60.47	69.50	8.21

500000.0	500000.0	1638368218.5223477	6.718e+04	1.251e+04	1.862e+04	4.645e+04	1.430e+03	5.611e+03	6.184e+03	60.49	69.42	8.22

500000.0	500000.0	1638368219.5681195	6.741e+04	1.279e+04	1.844e+04	4.641e+04	1.411e+03	5.646e+03	6.167e+03	60.49	69.54	8.16

500000.0	500000.0	1638368220.5672681	6.760e+04	1.303e+04	1.825e+04	4.645e+04	1.397e+03	5.695e+03	6.155e+03	60.49	69.42	8.40

500000.0	500000.0	1638368221.566144	6.787e+04	1.321e+04	1.806e+04	4.641e+04	1.388e+03	5.747e+03	6.144e+03	60.49	69.69	8.20

500000.0	500000.0	1638368222.5668147	6.803e+04	1.443e+04	1.788e+04	4.641e+04	1.378e+03	5.803e+03	6.138e+03	60.47	69.38	8.17

500000.0	500000.0	1638368223.5158508	6.837e+04	1.456e+04	1.772e+04	4.655e+04	1.373e+03	5.851e+03	6.133e+03	60.47	69.73	8.40

500000.0	500000.0	1638368224.5623577	6.849e+04	1.466e+04	1.758e+04	4.659e+04	1.366e+03	5.899e+03	6.129e+03	60.46	69.50	8.23

500000.0	500000.0	1638368225.564486	6.853e+04	1.477e+04	1.745e+04	4.659e+04	1.359e+03	5.946e+03	6.124e+03	60.46	69.62	8.14

500000.0	500000.0	1638368226.5117264	6.873e+04	1.486e+04	1.732e+04	4.659e+04	1.360e+03	5.995e+03	6.122e+03	60.46	69.66	8.20

500000.0	500000.0	1638368227.5151975	6.884e+04	1.495e+04	1.720e+04	4.673e+04	1.358e+03	6.034e+03	6.121e+03	60.42	69.54	8.26

##########################################################_BOMBA_DESLIGADA_###########################################################
1	1	1638368230.5608	7.013e+04	1.547e+04	1.676e+04	4.788e+04	1.352e+03	6.218e+03	6.121e+03	60.59	99.48	10.66

500000.0	1	1638368231.5563889	7.205e+04	1.541e+04	1.664e+04	4.965e+04	1.366e+03	6.326e+03	6.150e+03	60.55	99.52	10.93

500000.0	1	1638368232.510583	7.348e+04	1.530e+04	1.656e+04	5.072e+04	1.382e+03	6.411e+03	6.176e+03	60.52	99.48	11.09

500000.0	1	1638368233.5025053	7.442e+04	1.521e+04	1.648e+04	5.138e+04	1.397e+03	6.495e+03	6.202e+03	60.47	99.56	11.15

500000.0	1	1638368234.5614865	7.497e+04	1.514e+04	1.640e+04	5.183e+04	1.409e+03	6.580e+03	6.222e+03	60.47	99.44	10.93

500000.0	1	1638368235.502135	7.543e+04	1.510e+04	1.631e+04	5.212e+04	1.423e+03	6.656e+03	6.241e+03	60.45	99.52	10.91

500000.0	1	1638368236.5022864	7.566e+04	1.507e+04	1.622e+04	5.218e+04	1.433e+03	6.732e+03	6.258e+03	60.44	99.56	10.94

500000.0	1	1638368237.5032487	7.599e+04	1.504e+04	1.614e+04	5.223e+04	1.442e+03	6.805e+03	6.272e+03	60.44	99.48	10.77

500000.0	1	1638368238.547884	7.627e+04	1.501e+04	1.606e+04	5.218e+04	1.452e+03	6.870e+03	6.286e+03	60.42	99.52	10.84

500000.0	1	1638368239.5479155	7.651e+04	1.498e+04	1.598e+04	5.212e+04	1.461e+03	6.937e+03	6.300e+03	60.40	99.48	10.85

500000.0	1	1638368240.54957	7.679e+04	1.494e+04	1.591e+04	5.195e+04	1.468e+03	6.998e+03	6.314e+03	60.40	99.52	10.81

500000.0	1	1638368241.548865	7.708e+04	1.490e+04	1.585e+04	5.189e+04	1.476e+03	7.054e+03	6.324e+03	60.38	99.44	10.66

500000.0	1	1638368242.5442233	7.727e+04	1.486e+04	1.579e+04	5.178e+04	1.484e+03	7.110e+03	6.336e+03	60.37	99.40	10.76

500000.0	1	1638368243.545011	7.752e+04	1.482e+04	1.574e+04	5.155e+04	1.491e+03	7.159e+03	6.347e+03	60.37	99.48	10.65

500000.0	1	1638368244.543487	7.776e+04	1.477e+04	1.568e+04	5.150e+04	1.498e+03	7.212e+03	6.358e+03	60.37	99.52	10.61

500000.0	1	1638368245.5306787	7.810e+04	1.472e+04	1.564e+04	5.127e+04	1.504e+03	7.257e+03	6.368e+03	60.37	99.52	10.54

500000.0	1	1638368246.542203	7.830e+04	1.465e+04	1.559e+04	5.116e+04	1.510e+03	7.304e+03	6.380e+03	60.36	99.52	10.57

500000.0	1	1638368247.5460176	7.860e+04	1.461e+04	1.555e+04	5.094e+04	1.516e+03	7.347e+03	6.390e+03	60.35	99.48	10.64

500000.0	1	1638368248.5399706	7.880e+04	1.455e+04	1.551e+04	5.078e+04	1.523e+03	7.391e+03	6.399e+03	60.36	99.52	10.46

500000.0	1	1638368249.5479505	7.895e+04	1.448e+04	1.549e+04	5.061e+04	1.529e+03	7.433e+03	6.411e+03	60.35	99.44	10.64

500000.0	1	1638368250.5402563	7.925e+04	1.441e+04	1.545e+04	5.050e+04	1.535e+03	7.474e+03	6.420e+03	60.35	99.48	10.59

500000.0	1	1638368251.5303025	7.945e+04	1.435e+04	1.541e+04	5.034e+04	1.542e+03	7.517e+03	6.430e+03	60.33	99.52	10.32

500000.0	1	1638368252.539815	7.971e+04	1.293e+04	1.538e+04	5.013e+04	1.548e+03	7.556e+03	6.441e+03	60.35	99.52	10.60

500000.0	1	1638368253.5335977	7.997e+04	1.288e+04	1.534e+04	5.002e+04	1.554e+03	7.595e+03	6.450e+03	60.33	99.48	10.28

500000.0	1	1638368254.5324335	8.017e+04	1.282e+04	1.532e+04	4.986e+04	1.561e+03	7.637e+03	6.460e+03	60.33	99.52	10.48

500000.0	1	1638368255.5330808	8.038e+04	1.277e+04	1.528e+04	4.970e+04	1.567e+03	7.679e+03	6.468e+03	60.35	99.48	10.36

500000.0	1	1638368256.5322204	8.048e+04	1.271e+04	1.524e+04	4.955e+04	1.573e+03	7.719e+03	6.476e+03	60.33	99.48	10.49

500000.0	1	1638368257.5332084	8.080e+04	1.265e+04	1.521e+04	4.939e+04	1.579e+03	7.760e+03	6.487e+03	60.35	99.48	10.44

500000.0	1	1638368258.47916	8.095e+04	1.258e+04	1.518e+04	4.929e+04	1.586e+03	7.802e+03	6.495e+03	60.33	99.56	10.31

500000.0	1	1638368259.5251267	8.111e+04	1.253e+04	1.513e+04	4.908e+04	1.592e+03	7.841e+03	6.503e+03	60.33	99.48	10.34

500000.0	1	1638368260.4762304	8.138e+04	1.246e+04	1.510e+04	4.898e+04	1.600e+03	7.889e+03	6.515e+03	60.32	99.56	10.33

500000.0	1	1638368261.5258036	8.154e+04	1.240e+04	1.506e+04	4.888e+04	1.606e+03	7.928e+03	6.523e+03	60.33	99.52	10.39

500000.0	1	1638368262.478909	8.175e+04	1.233e+04	1.502e+04	4.878e+04	1.613e+03	7.974e+03	6.531e+03	60.32	99.52	10.14

500000.0	1	1638368263.5312889	8.186e+04	1.227e+04	1.498e+04	4.862e+04	1.619e+03	8.016e+03	6.539e+03	60.33	99.48	10.23

500000.0	1	1638368264.477258	8.207e+04	1.221e+04	1.494e+04	4.852e+04	1.626e+03	8.058e+03	6.547e+03	60.33	99.48	10.32

500000.0	1	1638368265.518845	8.229e+04	1.214e+04	1.490e+04	4.842e+04	1.632e+03	8.105e+03	6.557e+03	60.33	99.48	10.26

500000.0	1	1638368266.5254047	8.240e+04	1.207e+04	1.486e+04	4.822e+04	1.639e+03	8.150e+03	6.563e+03	60.33	99.40	10.31

500000.0	1	1638368267.5258245	8.261e+04	1.201e+04	1.481e+04	4.818e+04	1.646e+03	8.197e+03	6.573e+03	60.35	99.48	10.40

500000.0	1	1638368268.5186696	8.278e+04	1.194e+04	1.477e+04	4.803e+04	1.653e+03	8.247e+03	6.581e+03	60.35	99.52	10.27

500000.0	1	1638368269.4622452	8.294e+04	1.187e+04	1.473e+04	4.793e+04	1.659e+03	8.290e+03	6.589e+03	60.36	99.48	10.19

500000.0	1	1638368270.5065515	8.311e+04	1.181e+04	1.468e+04	4.783e+04	1.666e+03	8.339e+03	6.597e+03	60.35	99.56	10.18

500000.0	1	1638368271.471839	8.322e+04	1.173e+04	1.463e+04	4.773e+04	1.673e+03	8.391e+03	6.605e+03	60.35	99.52	10.28

500000.0	1	1638368272.5138564	8.355e+04	1.168e+04	1.458e+04	4.764e+04	1.681e+03	8.436e+03	6.614e+03	60.33	99.52	10.05

500000.0	1	1638368273.514946	8.366e+04	1.160e+04	1.454e+04	4.754e+04	1.688e+03	8.487e+03	6.622e+03	60.35	99.56	10.14

500000.0	1	1638368274.5337317	8.383e+04	1.153e+04	1.448e+04	4.744e+04	1.695e+03	8.537e+03	6.630e+03	60.33	99.56	10.23

500000.0	1	1638368275.5144377	8.394e+04	1.148e+04	1.444e+04	4.735e+04	1.702e+03	8.587e+03	6.636e+03	60.35	99.48	10.17

500000.0	1	1638368276.4978342	8.411e+04	1.142e+04	1.439e+04	4.725e+04	1.709e+03	8.637e+03	6.645e+03	60.36	99.44	10.21

500000.0	1	1638368277.5192754	8.411e+04	1.134e+04	1.434e+04	4.716e+04	1.717e+03	8.690e+03	6.653e+03	60.36	99.52	10.14

500000.0	1	1638368278.5085747	8.433e+04	1.127e+04	1.429e+04	4.706e+04	1.724e+03	8.745e+03	6.659e+03	60.36	99.52	10.18

500000.0	1	1638368279.5093114	8.456e+04	1.121e+04	1.423e+04	4.706e+04	1.732e+03	8.797e+03	6.668e+03	60.36	99.52	10.19

500000.0	1	1638368280.5069869	8.450e+04	1.113e+04	1.418e+04	4.697e+04	1.739e+03	8.855e+03	6.674e+03	60.37	99.56	10.13

500000.0	1	1638368281.5048652	8.473e+04	1.107e+04	1.414e+04	4.683e+04	1.747e+03	8.907e+03	6.682e+03	60.36	99.44	10.22

500000.0	1	1638368282.461767	8.485e+04	1.099e+04	1.408e+04	4.683e+04	1.755e+03	8.967e+03	6.691e+03	60.36	99.60	10.11

500000.0	1	1638368283.5081208	8.485e+04	1.093e+04	1.404e+04	4.678e+04	1.762e+03	9.020e+03	6.697e+03	60.37	99.48	10.06

500000.0	1	1638368284.5018907	8.519e+04	1.087e+04	1.398e+04	4.669e+04	1.770e+03	9.073e+03	6.706e+03	60.36	99.52	10.07

500000.0	1	1638368285.5036442	8.531e+04	1.080e+04	1.393e+04	4.655e+04	1.778e+03	9.129e+03	6.710e+03	60.37	99.48	10.13

500000.0	1	1638368286.455369	8.542e+04	1.073e+04	1.387e+04	4.650e+04	1.785e+03	9.188e+03	6.717e+03	60.38	99.48	10.12

500000.0	1	1638368287.496518	8.548e+04	1.066e+04	1.381e+04	4.645e+04	1.792e+03	9.247e+03	6.724e+03	60.38	99.44	9.96

500000.0	1	1638368288.5030699	8.565e+04	1.060e+04	1.376e+04	4.636e+04	1.801e+03	9.302e+03	6.732e+03	60.38	99.44	10.04

500000.0	1	1638368289.5058465	8.571e+04	1.052e+04	1.371e+04	4.631e+04	1.808e+03	9.367e+03	6.739e+03	60.40	99.52	10.05

############################################################_BOMBA_LIGADA_############################################################
1	500000.0	1638368295.493453	9.165e+04	9.594e+03	1.360e+04	4.242e+04	1.903e+03	9.623e+03	6.804e+03	59.84	55.25	6.72

500000.0	500000.0	1638368296.4929774	9.442e+04	9.250e+03	1.347e+04	3.984e+04	1.926e+03	9.800e+03	6.827e+03	59.66	55.09	5.95

500000.0	500000.0	1638368297.4878926	9.676e+04	8.915e+03	1.316e+04	3.875e+04	1.955e+03	1.013e+04	6.861e+03	59.49	55.21	5.53

500000.0	500000.0	1638368298.4825394	9.853e+04	8.611e+03	1.277e+04	3.833e+04	1.985e+03	1.056e+04	6.895e+03	59.35	55.21	5.56

500000.0	500000.0	1638368299.4871457	9.982e+04	8.301e+03	1.236e+04	3.813e+04	2.014e+03	1.103e+04	6.925e+03	59.21	55.05	5.61

500000.0	500000.0	1638368300.4890828	1.008e+05	8.086e+03	1.196e+04	3.804e+04	2.039e+03	1.149e+04	6.954e+03	59.13	55.13	5.33

500000.0	500000.0	1638368301.4298654	1.015e+05	7.900e+03	1.129e+04	3.813e+04	2.063e+03	1.193e+04	6.980e+03	59.00	55.25	5.43

500000.0	500000.0	1638368302.48762	1.021e+05	7.765e+03	1.095e+04	3.820e+04	2.087e+03	1.231e+04	7.002e+03	58.88	55.05	5.44

500000.0	500000.0	1638368303.4310918	1.023e+05	7.666e+03	1.067e+04	3.836e+04	2.106e+03	1.264e+04	7.020e+03	58.82	55.13	5.27

500000.0	500000.0	1638368304.4878976	1.030e+05	7.489e+03	1.046e+04	3.843e+04	2.127e+03	1.291e+04	7.037e+03	58.73	55.17	5.30

500000.0	500000.0	1638368305.4822652	1.031e+05	7.425e+03	1.028e+04	3.865e+04	2.143e+03	1.313e+04	7.052e+03	58.65	55.05	5.17

500000.0	500000.0	1638368306.4814827	1.032e+05	7.390e+03	1.015e+04	3.882e+04	2.159e+03	1.329e+04	7.065e+03	58.55	55.09	5.14

500000.0	500000.0	1638368307.4307485	1.034e+05	7.362e+03	1.006e+04	3.902e+04	2.173e+03	1.342e+04	7.075e+03	58.51	55.21	5.18

500000.0	500000.0	1638368308.4802654	1.031e+05	7.312e+03	1.000e+04	3.919e+04	2.185e+03	1.350e+04	7.084e+03	58.45	55.09	5.11

500000.0	500000.0	1638368309.4326546	1.036e+05	7.305e+03	9.972e+03	3.942e+04	2.198e+03	1.355e+04	7.092e+03	58.39	55.09	4.97

500000.0	500000.0	1638368310.4785106	1.035e+05	7.305e+03	9.941e+03	3.966e+04	2.208e+03	1.360e+04	7.099e+03	58.33	55.33	5.30

500000.0	500000.0	1638368311.4294288	1.036e+05	7.284e+03	9.928e+03	3.984e+04	2.218e+03	1.362e+04	7.108e+03	58.30	55.17	4.99

500000.0	500000.0	1638368312.4765322	1.038e+05	7.277e+03	9.928e+03	4.005e+04	2.228e+03	1.362e+04	7.115e+03	58.23	55.21	5.03

500000.0	500000.0	1638368313.4756472	1.039e+05	7.277e+03	9.941e+03	4.022e+04	2.235e+03	1.362e+04	7.118e+03	58.19	55.05	5.20

500000.0	500000.0	1638368314.4696171	1.040e+05	7.277e+03	9.947e+03	4.044e+04	2.243e+03	1.361e+04	7.125e+03	58.14	55.13	5.14

500000.0	500000.0	1638368315.4670067	1.038e+05	7.277e+03	9.953e+03	4.069e+04	2.248e+03	1.360e+04	7.131e+03	58.10	55.21	5.18

500000.0	500000.0	1638368316.4257815	1.040e+05	7.277e+03	9.966e+03	4.076e+04	2.255e+03	1.359e+04	7.134e+03	58.08	55.09	5.16

500000.0	500000.0	1638368317.4715145	1.040e+05	7.277e+03	9.972e+03	4.105e+04	2.260e+03	1.358e+04	7.138e+03	58.02	55.13	5.20

500000.0	500000.0	1638368318.4244425	1.042e+05	7.277e+03	9.979e+03	4.127e+04	2.267e+03	1.358e+04	7.145e+03	57.98	55.09	5.35

500000.0	500000.0	1638368319.4661503	1.040e+05	7.277e+03	9.979e+03	4.146e+04	2.273e+03	1.358e+04	7.146e+03	57.98	55.25	5.26

500000.0	500000.0	1638368320.4664192	1.043e+05	7.277e+03	9.979e+03	4.169e+04	2.277e+03	1.358e+04	7.152e+03	57.94	55.17	5.17

500000.0	500000.0	1638368321.4187157	1.042e+05	7.277e+03	9.985e+03	4.180e+04	2.280e+03	1.358e+04	7.155e+03	57.93	55.21	5.16

500000.0	500000.0	1638368322.465442	1.043e+05	7.277e+03	9.998e+03	4.203e+04	2.286e+03	1.358e+04	7.159e+03	57.91	55.17	5.28

500000.0	500000.0	1638368323.4145575	1.043e+05	7.277e+03	9.985e+03	4.222e+04	2.290e+03	1.358e+04	7.162e+03	57.87	55.25	5.12

500000.0	500000.0	1638368324.4645026	1.043e+05	7.277e+03	1.000e+04	4.234e+04	2.293e+03	1.356e+04	7.164e+03	57.87	55.09	5.06

500000.0	500000.0	1638368325.4638953	1.040e+05	7.277e+03	1.001e+04	4.261e+04	2.299e+03	1.356e+04	7.168e+03	57.84	55.09	5.26

500000.0	500000.0	1638368326.4600997	1.045e+05	7.277e+03	1.002e+04	4.265e+04	2.302e+03	1.356e+04	7.171e+03	57.81	55.09	5.15

500000.0	500000.0	1638368327.4674675	1.045e+05	7.277e+03	1.002e+04	4.289e+04	2.306e+03	1.355e+04	7.173e+03	57.81	55.05	5.02

500000.0	500000.0	1638368328.459767	1.044e+05	7.277e+03	1.002e+04	4.309e+04	2.309e+03	1.355e+04	7.175e+03	57.80	55.21	5.39

500000.0	500000.0	1638368329.4173825	1.046e+05	7.277e+03	1.002e+04	4.321e+04	2.313e+03	1.355e+04	7.178e+03	57.79	55.25	5.20

500000.0	500000.0	1638368330.4559758	1.045e+05	7.277e+03	1.002e+04	4.341e+04	2.315e+03	1.356e+04	7.180e+03	57.77	55.25	5.17

500000.0	500000.0	1638368331.4138956	1.045e+05	7.277e+03	1.002e+04	4.362e+04	2.319e+03	1.356e+04	7.183e+03	57.74	55.21	5.30

500000.0	500000.0	1638368332.4557111	1.047e+05	7.277e+03	1.002e+04	4.370e+04	2.321e+03	1.356e+04	7.183e+03	57.73	55.17	5.07

500000.0	500000.0	1638368333.4566057	1.047e+05	7.277e+03	1.002e+04	4.387e+04	2.324e+03	1.356e+04	7.187e+03	57.72	55.13	5.24

500000.0	500000.0	1638368334.4555323	1.046e+05	7.277e+03	1.001e+04	4.407e+04	2.327e+03	1.356e+04	7.190e+03	57.71	55.25	5.22

500000.0	500000.0	1638368335.452372	1.049e+05	7.277e+03	1.002e+04	4.424e+04	2.330e+03	1.357e+04	7.192e+03	57.67	55.21	5.14

500000.0	500000.0	1638368336.4058948	1.046e+05	7.277e+03	1.002e+04	4.429e+04	2.332e+03	1.357e+04	7.192e+03	57.67	55.17	5.18

500000.0	500000.0	1638368337.4519908	1.048e+05	7.277e+03	1.001e+04	4.446e+04	2.335e+03	1.358e+04	7.196e+03	57.65	55.33	5.33

500000.0	500000.0	1638368338.4031231	1.048e+05	7.277e+03	1.000e+04	4.454e+04	2.338e+03	1.358e+04	7.197e+03	57.65	55.17	5.23

500000.0	500000.0	1638368339.4427478	1.050e+05	7.277e+03	1.001e+04	4.467e+04	2.340e+03	1.358e+04	7.197e+03	57.66	55.25	5.26

500000.0	500000.0	1638368340.4482949	1.049e+05	7.277e+03	1.002e+04	4.480e+04	2.342e+03	1.358e+04	7.199e+03	57.65	55.17	5.21

500000.0	500000.0	1638368341.4473011	1.050e+05	7.277e+03	1.000e+04	4.493e+04	2.346e+03	1.358e+04	7.203e+03	57.64	55.17	5.15

500000.0	500000.0	1638368342.446465	1.050e+05	7.277e+03	9.991e+03	4.506e+04	2.348e+03	1.360e+04	7.205e+03	57.64	55.13	5.26

500000.0	500000.0	1638368343.4414928	1.050e+05	7.277e+03	9.991e+03	4.519e+04	2.350e+03	1.361e+04	7.206e+03	57.64	55.21	5.18

500000.0	500000.0	1638368344.4463806	1.052e+05	7.277e+03	9.972e+03	4.532e+04	2.353e+03	1.363e+04	7.208e+03	57.63	55.17	5.14

500000.0	500000.0	1638368345.435034	1.050e+05	7.277e+03	9.947e+03	4.550e+04	2.355e+03	1.366e+04	7.210e+03	57.60	55.25	5.13

500000.0	500000.0	1638368346.4431038	1.051e+05	7.277e+03	9.941e+03	4.563e+04	2.357e+03	1.367e+04	7.212e+03	57.62	55.13	5.25

500000.0	500000.0	1638368347.4423583	1.051e+05	7.277e+03	9.915e+03	4.572e+04	2.360e+03	1.369e+04	7.213e+03	57.63	55.17	5.18

500000.0	500000.0	1638368348.3971205	1.052e+05	7.277e+03	9.915e+03	4.586e+04	2.361e+03	1.370e+04	7.215e+03	57.62	55.25	5.19

500000.0	500000.0	1638368349.4391317	1.054e+05	7.277e+03	9.909e+03	4.590e+04	2.364e+03	1.371e+04	7.217e+03	57.59	55.13	5.16

500000.0	500000.0	1638368350.4386392	1.052e+05	7.277e+03	9.897e+03	4.599e+04	2.365e+03	1.372e+04	7.219e+03	57.58	55.25	5.14

500000.0	500000.0	1638368351.4417107	1.053e+05	7.277e+03	9.890e+03	4.613e+04	2.367e+03	1.373e+04	7.222e+03	57.58	55.21	5.11

500000.0	500000.0	1638368352.4356413	1.053e+05	7.277e+03	9.890e+03	4.618e+04	2.371e+03	1.374e+04	7.220e+03	57.57	55.25	5.04

500000.0	500000.0	1638368353.4356236	1.054e+05	7.277e+03	9.890e+03	4.631e+04	2.372e+03	1.374e+04	7.222e+03	57.56	55.29	5.08

500000.0	500000.0	1638368354.432559	1.052e+05	7.277e+03	9.890e+03	4.641e+04	2.374e+03	1.374e+04	7.222e+03	57.56	55.21	5.14

##########################################################_BOMBA_DESLIGADA_###########################################################
#####################################################_CICLO_FINALIZADO_5_DE_5_#####################################################
